id,premise,hypothesis,label,label_text,source_family_id,profile,difficulty,domain
controlplane-nli-v1-train-b002-000097,"Juniper Gate Audit Group reviewed 40 synthetic access records in sample AG-9. A draft worksheet initially listed two exceptions, but quality review found a third and issued a superseding final worksheet. The final worksheet therefore records 3 exceptions out of 40, or 7.5%. Audit procedure AP-12 classifies a sample as above tolerance when the exception rate exceeds 5%.",The final AG-9 exception rate exceeds the 5% tolerance threshold.,1,entailment,controlplane-nli-v1-train-b002-f025,regulated_decision_support,hard,audit findings
controlplane-nli-v1-train-b005-000052,"The Stonepath Group relationship manager acted for Stonepath Analytics during the DPA-77 process. Contract responsibility nevertheless remained with Stonepath Analytics Ltd., the named vendor, and the parent company was not a signatory. Acting on behalf of the subsidiary did not convert the parent into the contracting party.",The relationship manager's involvement made Stonepath Group the contracting party to DPA-77.,0,contradiction,controlplane-nli-v1-train-b005-f013,internal_assistant,medium,vendor management
controlplane-nli-v1-train-b001-000062,"Expense report ER-501 at Juniper Arc lists €180 for rail and €42 for a meal. The rail ticket is fully reimbursable, while the daily meal cap is €35, producing an approved total of €215. A taxi receipt remains under review and is not included in that total.",The approved ER-501 reimbursement includes the full €42 meal receipt.,0,contradiction,controlplane-nli-v1-train-b001-f016,internal_assistant,hard,expense reimbursement
controlplane-nli-v1-train-b002-000085,"Hearthline Works' synthetic dependent-care enrollment rule requires the dependent to be listed on the employee's benefits record, to be under age 13 on the coverage start date, and for enrollment to be submitted within 30 days of the qualifying event. Record HW-603 lists dependent Avery Cole, age 9 on October 1. The qualifying event occurred September 20, and enrollment was submitted October 4. The eligibility check passed.",Avery Cole met all three documented conditions for dependent-care enrollment in HW-603.,1,entailment,controlplane-nli-v1-train-b002-f022,regulated_decision_support,medium,employee benefits
controlplane-nli-v1-train-b001-000070,Redwood Axis separates remote-access rules by account class. Administrators with privileged accounts are required to use hardware-backed authentication. Standard analysts can use either hardware-backed authentication or an approved app token. Temporary vendor accounts are not covered in this excerpt.,A privileged administrator may use only an approved app token for remote access.,0,contradiction,controlplane-nli-v1-train-b001-f018,internal_assistant,hard,internal policies
controlplane-nli-v1-train-b001-000089,"Aurora Field Foundation's synthetic scholarship file SC-91 lists a completed application received on 2026-07-30. The academic review score is 84 out of 100, and the community review score is 18 out of 20. The file status is panel review pending. No award decision or funding amount is recorded.",Scholarship file SC-91 is awaiting panel review.,1,entailment,controlplane-nli-v1-train-b001-f023,regulated_decision_support,easy,scholarship review
controlplane-nli-v1-train-b004-000072,"A preliminary soft credit check may result in a ""pre-approved"" status for an auto loan. However, final loan approval is strictly contingent on a hard credit inquiry and manual income verification by an underwriter. Customer Emily received a pre-approved status letter in the mail, but has not yet submitted her income documents to an underwriter.",An underwriter will process a hard credit inquiry for Emily tomorrow.,2,neutral,controlplane-nli-v1-train-b004-f018,regulated_decision_support,easy,Consumer Lending
controlplane-nli-v1-train-b003-000058,"Ticket HD-3301 was filed by user tlee reporting a printer offline issue in office suite 4B, assigned to technician Osei and resolved same day. A separate ticket, HD-3302, filed minutes later by user tlee, reports a scanner malfunction in the same suite and remains open, assigned to technician Farah. Suite 4B's printer has shown no further issues since resolution.",Ticket HD-3302 is still open as of the latest available record.,1,entailment,controlplane-nli-v1-train-b003-f015,internal_assistant,hard,similar_tickets
controlplane-nli-v1-train-b001-000091,"Aurora Field Foundation records SC-91 as complete, scored, and pending panel review. The academic score is 84 out of 100 and the community score is 18 out of 20. The synthetic file does not state how many other applications are in the panel queue.",Exactly twelve applications are ahead of SC-91 in the panel queue.,2,neutral,controlplane-nli-v1-train-b001-f023,regulated_decision_support,easy,scholarship review
controlplane-nli-v1-train-b004-000098,"Under Section 8 guidelines, commercial vehicles over 10,000 lbs are prohibited from parking in residential zones overnight unless they are actively engaged in emergency utility repairs. Drivers violating this rule face a $500 fine. The municipal transit authority has the power to grant temporary overnight parking waivers for specific construction projects. A 12,000 lb commercial truck was parked in a residential zone overnight.","The 12,000 lb commercial truck is permitted to park overnight in the residential zone unconditionally.",0,contradiction,controlplane-nli-v1-train-b004-f025,regulated_decision_support,hard,Municipal Law
controlplane-nli-v1-train-b005-000076,Nolan Grant submitted BA-404 materials for applicant Julia Grant under a representation authorization. The record gives no final administrative decision and does not say whether Nolan will continue representing Julia if additional documents are requested.,Nolan Grant will remain Julia Grant's representative throughout any future appeal.,2,neutral,controlplane-nli-v1-train-b005-f019,regulated_decision_support,easy,benefits administration
controlplane-nli-v1-train-b005-000096,"A July note calls Mei Tan the current supervisor of Licensing Secretariat, formerly the Credential Office. The same note says she had served as an analyst before June 15. It gives no end date for her supervisory assignment or indication that the role is temporary.",Mei Tan's supervisory assignment ends on December 31.,2,neutral,controlplane-nli-v1-train-b005-f024,regulated_decision_support,medium,licensing administration
controlplane-nli-v1-train-b002-000009,"Marigold Trust Services received a beneficiary-change packet for account MT-209 on May 6. Identity verification passed on May 7, and a notarized change form was accepted on May 9. The operations note says these steps clear document review, but the beneficiary record changes only after a separate final posting by the account-maintenance team. On May 10 the packet was marked 'document review approved'; no final posting entry appears.",The MT-209 beneficiary-change packet passed the document-review stage.,1,entailment,controlplane-nli-v1-train-b002-f003,customer_support,hard,account servicing
controlplane-nli-v1-train-b003-000064,"An internal memo dated 1 May listed the compliance officer for the Northgate division as R. Chen. A superseding organizational update dated 15 May, marked as authoritative, named T. Osei as the new compliance officer effective immediately. No further updates have been issued since 15 May.",The 1 May memo was issued after the 15 May organizational update.,0,contradiction,controlplane-nli-v1-train-b003-f016,regulated_decision_support,hard,outdated_records
controlplane-nli-v1-train-b006-000072,"Patient chart 88-T notes a daily recommended calcium intake of 1,200 mg. The patient currently takes a morning supplement of 500 mg and gets 350 mg from their diet. The physician advised not to exceed the recommended limit.","The physician recommended taking an evening supplement to reach the 1,200 mg target.",2,neutral,controlplane-nli-v1-train-b006-f018,regulated_decision_support,easy,healthcare
controlplane-nli-v1-train-b001-000076,"Synthetic application LN-205 has a requested payment of $1,450 and verified monthly income of $6,200. Cobalt Shore's exercise rule requires secondary affordability review only above $1,600. The record says no such review is required, but it gives no final application outcome.",Cobalt Shore rejected the synthetic lending application LN-205.,2,neutral,controlplane-nli-v1-train-b001-f019,regulated_decision_support,easy,lending
controlplane-nli-v1-train-b005-000033,Customer Mina Park uploaded an employment letter to case SP-552. The letter was authored by GroveWorks HR and states that Mina remains employed through December. Support agent Joel Neri did not write the letter; he only summarized its contents in the case notes. His summary attributes the employment statement to GroveWorks HR.,GroveWorks HR authored the employment letter uploaded by Mina Park.,1,entailment,controlplane-nli-v1-train-b005-f009,customer_support,hard,support documentation
controlplane-nli-v1-train-b002-000092,BLA-17 passed the Blue Lantern Arts Fund intake check with the required two letters and one portfolio. The record names Morgan Hale and Priya Dent as referees. It does not say whether either referee has served on a prior Blue Lantern review panel.,Morgan Hale previously served on a Blue Lantern review panel.,2,neutral,controlplane-nli-v1-train-b002-f023,regulated_decision_support,easy,scholarship review
controlplane-nli-v1-train-b003-000059,"Ticket HD-3301 was filed by user tlee reporting a printer offline issue in office suite 4B, assigned to technician Osei and resolved same day. A separate ticket, HD-3302, filed minutes later by user tlee, reports a scanner malfunction in the same suite and remains open, assigned to technician Farah. Suite 4B's printer has shown no further issues since resolution.",Technician Farah has previously worked on equipment issues in suite 4B before this ticket.,2,neutral,controlplane-nli-v1-train-b003-f015,internal_assistant,hard,similar_tickets
controlplane-nli-v1-train-b003-000100,"Substation SS-6 experienced a fault at 04:12 that tripped breaker B-3, cutting power to the north grid segment. Crews restored partial power at 05:50 by rerouting through backup breaker B-3A, and full restoration to all affected customers was logged at 07:15. A separate, unrelated fault at substation SS-9 was resolved at 06:00 the same morning.",Partial power restoration at SS-6 occurred before full restoration was completed.,1,entailment,controlplane-nli-v1-train-b003-f025,regulated_decision_support,hard,incident_timeline_multi
controlplane-nli-v1-train-b006-000028,"Account holder 55-TR initiated a wire transfer of 8,000 EUR on Tuesday at 14:00. The standard transfer fee is 1.5% of the total amount. Because the holder has Premium Status, the fee is reduced by 0.5 percentage points. The daily limit for outgoing transfers is 10,000 EUR.","Account holder 55-TR has 2,000 EUR of daily transfer limit remaining after the 8,000 EUR transfer.",1,entailment,controlplane-nli-v1-train-b006-f007,customer_support,hard,banking
controlplane-nli-v1-train-b004-000077,"The Merit Foundation Scholarship requires applicants to possess a minimum unweighted GPA of 3.5. In addition to the academic threshold, applicants must log at least 50 hours of documented community service. Applicant Jessica has an unweighted GPA of 3.8 and has submitted documentation for 40 hours of community service.",Jessica fails to meet all the necessary requirements for the Merit Foundation Scholarship.,1,entailment,controlplane-nli-v1-train-b004-f020,regulated_decision_support,easy,Education
controlplane-nli-v1-train-b004-000046,The standard travel policy limits hotel expense reimbursements to $200 per night. Employees traveling to designated high-cost cities have a limit of $300 per night. Any expense exceeding these limits must have a documented exception signed by a Vice President prior to booking. Employee Sarah booked a $350 per night hotel in a high-cost city without obtaining a Vice President's signature.,Sarah is fully authorized by the travel policy to receive a $350 reimbursement.,0,contradiction,controlplane-nli-v1-train-b004-f012,internal_assistant,easy,Travel & Expenses
controlplane-nli-v1-train-b005-000062,Mara Ives is the claimant and person who incurred the expenses in EX-315. Devon Ives is her assistant and merely filed the claim for her. Soren Pike is the finance analyst who approved it. Submitting the form did not make Devon the owner of the underlying expense claim.,Devon Ives incurred the expenses claimed in EX-315.,0,contradiction,controlplane-nli-v1-train-b005-f016,internal_assistant,hard,expense administration
controlplane-nli-v1-train-b001-000008,"The dispute file for invoice INV-771 says a $240 setup fee was challenged by Crestwell Studio. Blue Harbor Office Systems removed that fee, leaving a balance of $1,160. The due date remained 2026-08-18 after the adjustment. A renewed support plan was not part of the disputed amount.","The invoice balance after the fee removal was $1,160.",1,entailment,controlplane-nli-v1-train-b001-f002,customer_support,easy,invoice disputes
controlplane-nli-v1-train-b006-000055,"Project Gamma requires coding 400 modules. By the end of sprint 1, 120 modules were completed. In sprint 2, the team finished another 80 modules. The remaining modules are scheduled for sprint 3.",The team experienced delays in sprint 2 due to server outages.,2,neutral,controlplane-nli-v1-train-b006-f014,internal_assistant,medium,project_management
controlplane-nli-v1-train-b003-000098,"Substation SS-6 experienced a fault at 04:12 that tripped breaker B-3, cutting power to the north grid segment. Crews restored partial power at 05:50 by rerouting through backup breaker B-3A, and full restoration to all affected customers was logged at 07:15. A separate, unrelated fault at substation SS-9 was resolved at 06:00 the same morning.",The SS-9 fault was caused by the same event that tripped breaker B-3 at SS-6.,0,contradiction,controlplane-nli-v1-train-b003-f025,regulated_decision_support,hard,incident_timeline_multi
controlplane-nli-v1-train-b003-000077,"The HVAC system at the Bellview office is scheduled for a maintenance window every Sunday from 22:00 to 02:00. Last Sunday's session began on time but ran long, ending at 03:15 due to a compressor issue requiring extra diagnostics. No tenant complaints were logged during or after the extended window.",Last Sunday's maintenance window ran longer than its regularly scheduled duration.,1,entailment,controlplane-nli-v1-train-b003-f020,customer_support,easy,maintenance_windows
controlplane-nli-v1-train-b003-000094,"A capacity planning spreadsheet dated 10 March lists database cluster DC-7 as having 40% headroom remaining. A separate monitoring dashboard, refreshed live and checked on 15 March, shows DC-7 headroom at 22% due to increased load from a new service rollout. No update has been made to the spreadsheet since 10 March.",The 10 March spreadsheet is the most current source of DC-7's headroom value.,0,contradiction,controlplane-nli-v1-train-b003-f024,internal_assistant,hard,capacity_allocation_conflict
controlplane-nli-v1-train-b003-000060,"Ticket HD-3301 was filed by user tlee reporting a printer offline issue in office suite 4B, assigned to technician Osei and resolved same day. A separate ticket, HD-3302, filed minutes later by user tlee, reports a scanner malfunction in the same suite and remains open, assigned to technician Farah. Suite 4B's printer has shown no further issues since resolution.",Both tickets HD-3301 and HD-3302 were filed by the same user.,1,entailment,controlplane-nli-v1-train-b003-f015,internal_assistant,hard,similar_tickets
controlplane-nli-v1-train-b002-000050,"Two Larchmont Bio employees share the name Jordan Lee. Quality Assurance employee JL-204 is based at Riverside, while Finance employee JL-771 is based at Harbor. A June mobility form names JL-204 and approves Summit-site duty for July 8 to August 2. No June mobility form is recorded for JL-771.","The Finance employee Jordan Lee, key JL-771, received the Summit-site assignment.",0,contradiction,controlplane-nli-v1-train-b002-f013,internal_assistant,hard,human resources
controlplane-nli-v1-train-b002-000091,"Blue Lantern Arts Fund marked BLA-17 complete after receiving two reference letters and one portfolio file, matching the synthetic intake requirements. The completeness record does not include any panel score or ranking.",BLA-17 received the highest panel score among all fellowship applications.,2,neutral,controlplane-nli-v1-train-b002-f023,regulated_decision_support,easy,scholarship review
controlplane-nli-v1-train-b003-000072,"The Q3 network upgrade for branch office BR-12 was scheduled for completion by 30 September. Project tracking shows the cabling phase finished on 12 September, but the switch configuration phase, originally planned for 20 September, was delayed and completed on 4 October instead. No other phases were affected.",The cabling phase was completed before the switch configuration phase was originally scheduled to begin.,1,entailment,controlplane-nli-v1-train-b003-f018,internal_assistant,medium,scheduled_vs_completed
controlplane-nli-v1-train-b001-000058,"Kestrel Point compares two logistics vendors. Ardent Freight records 96% on-time delivery and an 8.7 quality score; Brindle Logistics records 93% and 9.1 respectively. Because on-time delivery receives the greatest weight, the memo recommends a one-year extension for Ardent.",Brindle Logistics has the higher on-time delivery rate.,0,contradiction,controlplane-nli-v1-train-b001-f015,internal_assistant,medium,vendor management
controlplane-nli-v1-train-b004-000035,Digital movie rentals can be refunded if the viewer has watched less than 15% of the total runtime and the request is made within 48 hours of purchase. User Elena rented a 120-minute movie yesterday and watched 20 minutes of it before requesting a refund today.,Elena stopped watching the movie because her streaming application crashed.,2,neutral,controlplane-nli-v1-train-b004-f009,customer_support,medium,Digital Media
controlplane-nli-v1-train-b001-000038,"Requisition PR-602 covers 40 ergonomic chairs for CinderWorks. The approved order is with Alder & Finch at a unit price of $310, with delivery requested by 2026-09-15. Mono Ridge participated as another bidder and offered cheaper freight, but the selection record does not award the order to it.",Mono Ridge was selected as the supplier for PR-602.,0,contradiction,controlplane-nli-v1-train-b001-f010,internal_assistant,easy,procurement
controlplane-nli-v1-train-b006-000019,"The annual membership fee is $120. If a member cancels before the end of month 6, they receive a 50% refund. If they cancel during month 7 or 8, they receive a 25% refund. No refunds are issued for cancellations after month 8. Member X canceled in month 7.",Member X canceled their annual membership because they relocated.,2,neutral,controlplane-nli-v1-train-b006-f005,customer_support,medium,memberships
controlplane-nli-v1-train-b001-000085,"Stonebridge Works' synthetic benefits file lists employee plan E-17 with a yearly education allowance of $1,200. The ledger shows $450 reimbursed in February and $300 reimbursed in June, leaving $450 available for the plan year. A pending course request for $500 has not yet been approved or rejected.",Plan E-17 has $450 of education allowance remaining before the pending request is decided.,1,entailment,controlplane-nli-v1-train-b001-f022,regulated_decision_support,medium,employee benefits
controlplane-nli-v1-train-b003-000076,Vendor Kestrel Supply's warehouse in Dallas reported zero backorders for item SKU-8842 as of 1 June. A separate Kestrel Supply facility in Reno reported the same SKU with 40 units on backorder as of the same date. Orders routed through the central procurement system default to whichever facility has the shorter transit time to the requesting site.,The Dallas warehouse had no outstanding backorders for SKU-8842 as of 1 June.,1,entailment,controlplane-nli-v1-train-b003-f019,regulated_decision_support,hard,two_vendor_locations
controlplane-nli-v1-train-b002-000080,The NM-88 policy ledger shows suspension from November 4 until an accepted reinstatement payment at 14:30 on November 9. The reinstatement rule allows payment through November 13 and does not backdate active status. No material in the file states whether the policyholder attempted an earlier payment.,The policyholder attempted to pay NM-88 on November 6.,2,neutral,controlplane-nli-v1-train-b002-f020,regulated_decision_support,medium,insurance
controlplane-nli-v1-train-b005-000034,"In SP-552, Mina Park is the customer who uploaded a letter, but GroveWorks HR is identified as the document's author. Joel Neri, the support agent, later summarized the letter and clearly attributed its employment statement to GroveWorks HR. Uploading and summarizing are recorded as different actions from authoring.",Mina Park authored the employment letter because she uploaded it to the support case.,0,contradiction,controlplane-nli-v1-train-b005-f009,customer_support,hard,support documentation
controlplane-nli-v1-train-b003-000066,"The support contract for client Halden Corp guarantees a response time of under 4 hours for priority-1 tickets. Ticket PR-8820, classified priority-1, was submitted at 13:00 and received its first agent response at 15:40. The ticket was fully resolved at 19:15 the same day.","The ticket's first response arrived more than 4 hours after submission, breaching the service level.",0,contradiction,controlplane-nli-v1-train-b003-f017,customer_support,easy,sla_response
controlplane-nli-v1-train-b002-000083,"Cedar Vale Health Administration records CVH-72 with an active referral covering March 10 and a request for four therapy visits. The block limit is six, and no prior visits are recorded against it. The excerpt does not identify which therapy provider the member intends to use.",The member will receive therapy from Harbor Motion Clinic.,2,neutral,controlplane-nli-v1-train-b002-f021,regulated_decision_support,medium,healthcare administration
controlplane-nli-v1-train-b003-000018,"Access log AC-902 shows user jsingh was granted level-2 read access to the finance repository at 08:14 on 3 June. At 08:50, an elevation request to level-3 write access was submitted but remained pending approval. At 11:30 the same day, admin patel approved a level-2 access renewal for jsingh, unrelated to the pending elevation request.",The level-3 write access elevation request was approved at 11:30 on 3 June.,0,contradiction,controlplane-nli-v1-train-b003-f005,internal_assistant,hard,access_control
controlplane-nli-v1-train-b005-000070,"Hana Roe requested that AR-61 be deleted. The records administrator acknowledged the request but lacked the authorization required for deletion, so only a metadata export was completed. The case status remains deletion awaiting authorization.",AR-61 was deleted after Hana Roe submitted the request.,0,contradiction,controlplane-nli-v1-train-b005-f018,internal_assistant,hard,records administration
controlplane-nli-v1-train-b002-000064,"For mileage cases, Ashford Engineering converts kilometers at 1 mile per 1.6 kilometers. AE-51 contains 80 approved kilometers, which the reimbursement worksheet records as 50 miles. The mileage rate is $0.60 per mile, and the approved mileage payment is $30.00.",AE-51's approved mileage payment was $48.00.,0,contradiction,controlplane-nli-v1-train-b002-f016,internal_assistant,medium,expense reimbursement
controlplane-nli-v1-train-b002-000066,Granite Hollow Foods' controlled register lists SP-8 revision 6 as effective July 1 and is designated as authoritative when repository statuses disagree. A local team folder still displays revision 5 as current because its copy was not updated. The governance rule says the controlled register governs the discrepancy.,Revision 5 is the authoritative current version of SP-8.,0,contradiction,controlplane-nli-v1-train-b002-f017,internal_assistant,medium,compliance documentation
controlplane-nli-v1-train-b004-000087,"Approval for a conventional mortgage product requires the applicant to provide a minimum 20% down payment and maintain a debt-to-income (DTI) ratio below 36%. If either condition is not met, the applicant must apply for an FHA loan instead. Applicant Kevin is offering a 25% down payment but has a calculated DTI ratio of 42%.",Kevin decided to abandon his house search instead of applying for an FHA loan.,2,neutral,controlplane-nli-v1-train-b004-f022,regulated_decision_support,medium,Mortgage Underwriting
controlplane-nli-v1-train-b003-000016,Parcel PZ-5590 was handed off from courier DashLine to regional hub Bexley at 14:20 on Tuesday. The hub scanned the parcel into the sorting facility at 14:32 and released it to last-mile courier QuickHop at 16:05 the same day. QuickHop confirmed delivery to the recipient at 17:48.,Final delivery occurred more than three hours after the parcel arrived at hub Bexley.,1,entailment,controlplane-nli-v1-train-b003-f004,customer_support,easy,shipment_custody
controlplane-nli-v1-train-b003-000003,Ticket INC-7741 was opened at 09:12 when subscribers in Zone C reported dropped calls. Field technician Rao arrived on site at 10:05 and replaced a faulty duplexer on tower TW-22 by 11:40. Service was confirmed restored at 12:03 after a network sweep found no further drops. The postmortem notes the root cause as thermal drift in the duplexer during the heat wave.,Technician Rao also inspected the backup generator at the TW-22 site.,2,neutral,controlplane-nli-v1-train-b003-f001,customer_support,medium,telecom_incident
controlplane-nli-v1-train-b002-000005,"Oriole Grid Cloud's June invoice for tenant OG-77 lists 1,200,000 API calls. The contract includes the first 800,000 calls in the base fee and bills the next 500,000 calls at $0.002 per call. The billing worksheet therefore treats 400,000 calls as chargeable overage and calculates $800 in usage charges. A separate $120 support add-on is undisputed.","The June billing worksheet treated 400,000 API calls as chargeable overage for tenant OG-77.",1,entailment,controlplane-nli-v1-train-b002-f002,customer_support,hard,invoice disputes
controlplane-nli-v1-train-b002-000013,Quillstream Analytics offers a 21-day evaluation plan that can be ended immediately without a renewal charge. Workspace QA-54 began its evaluation on July 1 and submitted a cancellation request on July 18. The account log shows 'evaluation cancellation accepted' and sets access to end on July 18 at 23:59. A sales note about a possible annual plan was added earlier but was never converted into an order.,Workspace QA-54 qualified for immediate cancellation during its 21-day evaluation period.,1,entailment,controlplane-nli-v1-train-b002-f004,customer_support,medium,subscription cancellation
controlplane-nli-v1-train-b006-000024,"Guest reservation 11-A was originally booked for 4 nights at $150 per night. On the second day, the guest extended the stay by 2 nights at a discounted rate of $100 per night. The guest also accumulated $45 in room service charges.",The guest extended their stay by 2 nights.,1,entailment,controlplane-nli-v1-train-b006-f006,customer_support,medium,hospitality
controlplane-nli-v1-train-b004-000060,"The internal promotion rubric requires candidates for the Senior Analyst role to score at least 85 out of 100 on the technical assessment. Furthermore, candidates must have either three years of internal tenure or a bilingual certification. Candidate Tom scored 90 on the assessment, has two years of internal tenure, and holds a bilingual certification in Spanish.",Tom failed to meet the technical assessment threshold required for promotion.,0,contradiction,controlplane-nli-v1-train-b004-f015,internal_assistant,medium,Human Resources
controlplane-nli-v1-train-b001-000067,VelaStone records Ishan Ro's 2026-07-28 signature on Data Handling and Mina Sol's 2026-08-03 signature on Supplier Conduct. Each review requires its own attestation signature before closure. The file does not provide the closure date for either review.,The Supplier Conduct review closed on 2026-08-04.,2,neutral,controlplane-nli-v1-train-b001-f017,internal_assistant,hard,compliance documentation
controlplane-nli-v1-train-b003-000040,Employee Meera Nair completed the forklift safety certification course on 10 January 2025. The certification is valid for 18 months from the completion date. HR records show no renewal has been filed as of the most recent audit on 5 July 2026.,The certification is valid for exactly one and a half years from completion.,1,entailment,controlplane-nli-v1-train-b003-f010,internal_assistant,easy,training_certification
controlplane-nli-v1-train-b004-000054,"To hire a new contractor, a manager must submit a requisition form. If the manager approves, the form moves to the Finance department for budget verification. A contractor cannot begin work until Finance grants final authorization. Manager Lisa approved a requisition for a new contractor on Monday. The form is currently in the Finance department's queue for review.",Final authorization for the contractor to begin work was completed on Monday.,0,contradiction,controlplane-nli-v1-train-b004-f014,internal_assistant,medium,Procurement
controlplane-nli-v1-train-b002-000052,"The approved Larchmont Bio mobility form is keyed to JL-204, the Quality Assurance employee named Jordan Lee. It covers Summit-site work from July 8 through August 2. The other Jordan Lee, JL-771 in Finance, remains listed at Harbor and has no mobility form in the same file.",Both Larchmont Bio employees named Jordan Lee were approved for Summit-site duty.,0,contradiction,controlplane-nli-v1-train-b002-f013,internal_assistant,hard,human resources
controlplane-nli-v1-train-b002-000037,"Falconridge Components evaluated three bids for requisition FR-902. The sourcing rule requires a security certificate before a supplier can enter commercial ranking. Cedar Metric passed the certificate check and received a technical score of 84 and a price score of 92; its weighted score was recorded as 87.2. The committee advanced Cedar Metric to the commercial shortlist, but the award decision is scheduled for a later meeting.",Cedar Metric was advanced to the commercial shortlist for requisition FR-902.,1,entailment,controlplane-nli-v1-train-b002-f010,internal_assistant,medium,procurement
controlplane-nli-v1-train-b005-000023,"EC-94 contains Nira Dey's recommendation for a one-month extension and Colin Voss's acknowledgment that the recommendation is awaiting decision. The customer has a callback scheduled, but the case excerpt does not show what Colin will decide later or whether another supervisor will take over the escalation.",Colin Voss will approve the extension before the scheduled callback.,2,neutral,controlplane-nli-v1-train-b005-f006,customer_support,medium,service escalation
controlplane-nli-v1-train-b003-000021,"Release v4.2.1 was deployed to the production cluster at 03:00 UTC on 9 August. Error rates spiked to 12% within 20 minutes, triggering an automatic rollback to v4.1.9 at 03:35. The engineering team later deployed a hotfix, v4.2.2, at 09:10 UTC after resolving the root cause identified in the incident review.",The production cluster was running v4.1.9 at 03:35 UTC on 9 August.,1,entailment,controlplane-nli-v1-train-b003-f006,regulated_decision_support,medium,software_deployment
controlplane-nli-v1-train-b005-000035,SP-552 contains a GroveWorks HR letter uploaded by Mina Park and a later summary written by support agent Joel Neri. The summary says the employer reported continued employment through December. The excerpt does not identify the individual HR employee who drafted or signed the original letter.,GroveWorks HR employee Tessa Rowan personally signed the uploaded letter.,2,neutral,controlplane-nli-v1-train-b005-f009,customer_support,hard,support documentation
controlplane-nli-v1-train-b001-000054,"In HelioForge's August report, Nova finished 18 of 20 planned tasks and Vale finished 14 of 16. The report calculates completion as 90% for Nova and 87.5% for Vale. The risk register separately shows one open supplier issue for Nova and two for Vale.",Workstream Vale has a higher completion percentage than Workstream Nova.,0,contradiction,controlplane-nli-v1-train-b001-f014,internal_assistant,medium,project reporting
controlplane-nli-v1-train-b002-000089,"Blue Lantern Arts Fund runs a synthetic fellowship completeness check requiring exactly two reference letters and one portfolio file. Application BLA-17 contains reference letters from Morgan Hale and Priya Dent, plus one portfolio file named portfolio-v3.pdf. The intake system marks the application complete for panel review. Interview scheduling is not part of the completeness check.",Application BLA-17 contains exactly two reference letters.,1,entailment,controlplane-nli-v1-train-b002-f023,regulated_decision_support,easy,scholarship review
controlplane-nli-v1-train-b001-000005,"Blue Harbor Office Systems reviewed invoice INV-771 after Crestwell Studio disputed a setup fee. The billing memo states that the $240 setup fee was removed in full. The remaining invoice balance is $1,160 and is still due on 2026-08-18. A separate note says the support plan was renewed for another quarter.",Blue Harbor removed the full $240 setup fee from invoice INV-771.,1,entailment,controlplane-nli-v1-train-b001-f002,customer_support,easy,invoice disputes
controlplane-nli-v1-train-b002-000010,"For account MT-209, Marigold Trust Services completed identity verification and accepted the notarized beneficiary-change form. The workflow distinguishes document approval from the later account-maintenance posting. The May 10 status is 'document review approved,' while the file contains no account-maintenance posting that would make the change final.",The beneficiary change for MT-209 was already finalized in the account record on May 10.,0,contradiction,controlplane-nli-v1-train-b002-f003,customer_support,hard,account servicing
controlplane-nli-v1-train-b004-000061,"The software deployment protocol dictates that all five senior developers on the core team must sign off on the final code review before a major release can be pushed to production. If even one senior developer rejects the review, the release is blocked. Four senior developers have signed off on the 2.0 release, while the fifth is currently reviewing it.",The 2.0 release is not yet authorized to be pushed to production.,1,entailment,controlplane-nli-v1-train-b004-f016,internal_assistant,hard,Software Engineering
controlplane-nli-v1-train-b003-000029,"The build cluster has a total capacity of 200 vCPUs. Team Atlas currently has 75 vCPUs allocated, and team Orion has 60 vCPUs allocated. A pending request from team Lyra for 50 vCPUs has not yet been approved. Capacity planning notes indicate that any remaining unallocated vCPUs are held in reserve for emergency scaling.",At least 60 vCPUs of the cluster's total capacity are currently unallocated.,1,entailment,controlplane-nli-v1-train-b003-f008,internal_assistant,medium,resource_capacity
controlplane-nli-v1-train-b005-000043,"In June, Lena Wu is Program Lead and Omar Vale is Operations Manager. Lena previously held Omar's current role until April 30. The directory excerpt does not provide either employee's compensation, reporting-line changes, or the reason Lena moved into the Program Lead position.",Lena Wu changed roles because she was promoted after a performance review.,2,neutral,controlplane-nli-v1-train-b005-f011,internal_assistant,easy,human resources
controlplane-nli-v1-train-b006-000042,"The marketing budget for Q3 is $50,000. $20,000 is allocated to social media ads, and $15,000 is allocated to email campaigns. The rest is reserved for event sponsorships. At the end of July, $8,000 had been spent on social media ads.","There is $10,000 left unspent in the social media ads allocation at the end of July.",0,contradiction,controlplane-nli-v1-train-b006-f011,internal_assistant,easy,finance
controlplane-nli-v1-train-b002-000011,"Marigold Trust Services logged the MT-209 beneficiary-change packet as received on May 6. Identity verification passed the next day, the notarized form was accepted on May 9, and document review was approved on May 10. Final posting is handled separately by account maintenance. The case file does not identify which account-maintenance analyst, if any, will perform that posting.",Analyst Rowan Pike is assigned to perform the final MT-209 beneficiary posting.,2,neutral,controlplane-nli-v1-train-b002-f003,customer_support,hard,account servicing
controlplane-nli-v1-train-b006-000061,"The annual compliance training requires a total of 12 hours. Employee 908 completed 3.5 hours on Monday, 4.5 hours on Tuesday, and 2 hours on Thursday. The training portal limits users to a maximum of 5 hours per day.",Employee 908 has 2 hours of compliance training left to complete.,1,entailment,controlplane-nli-v1-train-b006-f016,internal_assistant,hard,training
controlplane-nli-v1-train-b004-000049,"The corporate employee handbook states that all hourly workers are entitled to a 30-minute unpaid lunch break. However, Section 4 of the local union collective bargaining agreement (CBA) mandates a 45-minute paid lunch break for facility workers. Where policies conflict, the CBA strictly supersedes the corporate handbook. Employee James is an hourly facility worker covered by the CBA.",James is entitled to take a 45-minute paid lunch break.,1,entailment,controlplane-nli-v1-train-b004-f013,internal_assistant,medium,Labor Relations
controlplane-nli-v1-train-b005-000005,"Account AS-271 is owned by Mira Solis. Milo Solis is listed as an authorized contact who may request password resets but may not change account ownership. In the service transcript, Milo says that she, referring to Mira, will remain the owner after the reset. The agent completed a password reset and made no ownership change.",Mira Solis remained the owner of account AS-271 after the password reset.,1,entailment,controlplane-nli-v1-train-b005-f002,customer_support,easy,account servicing
controlplane-nli-v1-train-b005-000080,"The ARV-90 file distinguishes the analyst's recommendation from the Review Board's final decision. Priya Cole recommends approval, and the board has not yet voted. The excerpt contains no attendance list for the future meeting.",Exactly five board members will participate in the final vote.,2,neutral,controlplane-nli-v1-train-b005-f020,regulated_decision_support,easy,administrative review
controlplane-nli-v1-train-b005-000085,"Synthetic lending file LD-312 contains a revenue letter authored by accountant Leo Vale for applicant Sora Vale. Processor Mina Cross uploaded the letter into the file and wrote a note saying that the accountant reported annual revenue of $240,000. The processor's note is a report of Leo's statement; it does not make Mina the source of the revenue representation.",Accountant Leo Vale authored the revenue letter in LD-312.,1,entailment,controlplane-nli-v1-train-b005-f022,regulated_decision_support,medium,lending documentation
controlplane-nli-v1-train-b003-000028,"Purchase order PO-3381 for 60 tablet units was delivered to the receiving dock on 5 July. The receiving clerk logged 58 units as accepted and 2 units as rejected due to cracked screens on arrival. The vendor, OrbanTech, was notified of the rejection the same afternoon and agreed to a replacement shipment.",The rejected units were damaged in a way involving their screens.,1,entailment,controlplane-nli-v1-train-b003-f007,customer_support,easy,procurement_delivery
controlplane-nli-v1-train-b004-000099,"Under Section 8 guidelines, commercial vehicles over 10,000 lbs are prohibited from parking in residential zones overnight unless they are actively engaged in emergency utility repairs. Drivers violating this rule face a $500 fine. The municipal transit authority has the power to grant temporary overnight parking waivers for specific construction projects. A 12,000 lb commercial truck was parked in a residential zone overnight.","The municipal transit authority had granted a parking waiver for the 12,000 lb truck.",2,neutral,controlplane-nli-v1-train-b004-f025,regulated_decision_support,hard,Municipal Law
controlplane-nli-v1-train-b003-000062,"An internal memo dated 1 May listed the compliance officer for the Northgate division as R. Chen. A superseding organizational update dated 15 May, marked as authoritative, named T. Osei as the new compliance officer effective immediately. No further updates have been issued since 15 May.",R. Chen remains the compliance officer for the Northgate division according to the most recent authoritative record.,0,contradiction,controlplane-nli-v1-train-b003-f016,regulated_decision_support,hard,outdated_records
controlplane-nli-v1-train-b002-000044,C17 for IDF-API remained accepted through June 30. C18 started its validity period on June 15 and became the preferred certificate on June 20. Ironwood Data Fabric documented the overlap so clients could migrate before C17 expired.,There was no date on which both C17 and C18 were accepted by IDF-API.,0,contradiction,controlplane-nli-v1-train-b002-f011,internal_assistant,hard,IT operations
controlplane-nli-v1-train-b001-000012,"In LumenPeak Bank's servicing history for profile C-882, the submitted address change was verified by Nira Patel on 2026-07-12. That address was then set as the correspondence address, and the older one moved to historical status. A replacement-card workflow began on 2026-07-15 and is not part of the address change.",Nira Patel verified the address update before the replacement-card request was opened.,1,entailment,controlplane-nli-v1-train-b001-f003,customer_support,medium,account servicing
controlplane-nli-v1-train-b001-000007,"Blue Harbor Office Systems adjusted Crestwell Studio's invoice INV-771 by removing a $240 setup fee. The revised balance is $1,160, payable on 2026-08-18. The case record lists the billing specialist as Mira Chen. It does not state whether Crestwell Studio had disputed any earlier invoices.",Crestwell Studio had disputed at least two Blue Harbor invoices before INV-771.,2,neutral,controlplane-nli-v1-train-b001-f002,customer_support,easy,invoice disputes
controlplane-nli-v1-train-b006-000027,"Account holder 55-TR initiated a wire transfer of 8,000 EUR on Tuesday at 14:00. The standard transfer fee is 1.5% of the total amount. Because the holder has Premium Status, the fee is reduced by 0.5 percentage points. The daily limit for outgoing transfers is 10,000 EUR.","The wire transfer of 8,000 EUR was sent to a recipient in Germany.",2,neutral,controlplane-nli-v1-train-b006-f007,customer_support,hard,banking
controlplane-nli-v1-train-b003-000095,"A capacity planning spreadsheet dated 10 March lists database cluster DC-7 as having 40% headroom remaining. A separate monitoring dashboard, refreshed live and checked on 15 March, shows DC-7 headroom at 22% due to increased load from a new service rollout. No update has been made to the spreadsheet since 10 March.",The new service rollout is expected to be scaled back within the next week.,2,neutral,controlplane-nli-v1-train-b003-f024,internal_assistant,hard,capacity_allocation_conflict
controlplane-nli-v1-train-b005-000069,"Security officer Hana Roe requested deletion of archive folder AR-61, but the records administrator could not perform deletion without a separate authorization token. The administrator acknowledged Hana's request and completed only a metadata export. The ticket remains marked deletion awaiting authorization. No sentence in the record says the folder itself has been deleted.",The deletion of archive folder AR-61 is still awaiting authorization.,1,entailment,controlplane-nli-v1-train-b005-f018,internal_assistant,hard,records administration
controlplane-nli-v1-train-b006-000010,The service technician for Ticket #992 is scheduled to arrive between 08:00 and 12:00 on October 15. Each repair session is estimated to take exactly 2 hours to complete once the technician arrives.,The technician is scheduled to arrive on October 16.,0,contradiction,controlplane-nli-v1-train-b006-f003,customer_support,easy,field_services
controlplane-nli-v1-train-b005-000010,The EchoMini X5 and EchoMini X5 Pro are distinct ArborSound models. Dock D20 is listed as compatible only with the X5 Pro; the compatibility table separately marks the X5 as unsupported. ES-61 concerns a customer who owns the standard EchoMini X5.,The customer's EchoMini X5 is supported by dock D20.,0,contradiction,controlplane-nli-v1-train-b005-f003,customer_support,easy,product compatibility
controlplane-nli-v1-train-b002-000006,"Tenant OG-77 used 1,200,000 API calls in June according to Oriole Grid Cloud's metering export. Its contract bundles 800,000 calls before overage pricing begins. The invoice worksheet identifies 400,000 overage calls and an $800 usage charge. The customer challenged the metering count but did not dispute the $120 support add-on.","Oriole Grid Cloud counted 500,000 calls as June overage for tenant OG-77.",0,contradiction,controlplane-nli-v1-train-b002-f002,customer_support,hard,invoice disputes
controlplane-nli-v1-train-b006-000011,The service technician for Ticket #992 is scheduled to arrive between 08:00 and 12:00 on October 15. Each repair session is estimated to take exactly 2 hours to complete once the technician arrives.,The technician assigned to Ticket #992 is named David.,2,neutral,controlplane-nli-v1-train-b006-f003,customer_support,easy,field_services
controlplane-nli-v1-train-b001-000043,Pinegate's IT-884 record says a configuration rollback restored application service at 14:32 on 2026-08-22. Severity was then reduced from 1 to 3. A capacity review is planned for the following week. No root-cause owner is named in this record.,Engineer Rowan Lee owns the root-cause analysis for IT-884.,2,neutral,controlplane-nli-v1-train-b001-f011,internal_assistant,easy,IT operations
controlplane-nli-v1-train-b001-000094,Track R eligibility in the Brightpath exercise requires both Module A and Module B. P-44 has completed both modules. P-45 has a Module A completion but no Module B completion entry. Enrollment decisions are stored elsewhere and are not present here.,Applicant P-45 satisfies all stated module requirements for Track R eligibility.,0,contradiction,controlplane-nli-v1-train-b001-f024,regulated_decision_support,hard,eligibility decisions
controlplane-nli-v1-train-b003-000025,"Purchase order PO-3381 for 60 tablet units was delivered to the receiving dock on 5 July. The receiving clerk logged 58 units as accepted and 2 units as rejected due to cracked screens on arrival. The vendor, Or­banTech, was notified of the rejection the same afternoon and agreed to a replacement shipment.",Fifty-eight tablet units from PO-3381 passed the receiving inspection.,1,entailment,controlplane-nli-v1-train-b003-f007,customer_support,easy,procurement_delivery
controlplane-nli-v1-train-b004-000019,"The policy dated January 2023 stated that unredeemed store credits expire 12 months from issuance. A superseding policy issued in November 2023 mandates that store credits issued on or after December 1, 2023, never expire. Customer Maya received a $50 store credit on December 15, 2023.",Maya intends to redeem her $50 store credit during the upcoming holiday sale.,2,neutral,controlplane-nli-v1-train-b004-f005,customer_support,medium,Retail Policies
controlplane-nli-v1-train-b003-000056,"A customer's water tank warranty claim states the tank holds 1,200 liters of capacity. The service technician's report, filed separately, records the tank's capacity as 1.2 cubic meters. Both documents were submitted as part of the same claim file, CF-663, without any noted discrepancy by the reviewing agent.",The reviewing agent found a mismatch between the two capacity figures.,0,contradiction,controlplane-nli-v1-train-b003-f014,customer_support,easy,unit_conversion
controlplane-nli-v1-train-b003-000023,"Release v4.2.1 was deployed to the production cluster at 03:00 UTC on 9 August. Error rates spiked to 12% within 20 minutes, triggering an automatic rollback to v4.1.9 at 03:35. The engineering team later deployed a hotfix, v4.2.2, at 09:10 UTC after resolving the root cause identified in the incident review.",The incident review identified a memory leak as the root cause of the error spike.,2,neutral,controlplane-nli-v1-train-b003-f006,regulated_decision_support,medium,software_deployment
controlplane-nli-v1-train-b002-000012,The beneficiary-change workflow at Marigold Trust Services requires successful identity verification and an accepted notarized form before document review can be approved. MT-209 passed identity verification on May 7 and its notarized form was accepted on May 9. The May 10 operations entry then records 'document review approved.' Final posting remains a later stage.,Both prerequisite checks for MT-209 were completed before document-review approval.,1,entailment,controlplane-nli-v1-train-b002-f003,customer_support,hard,account servicing
controlplane-nli-v1-train-b002-000017,"Nimbus Parcel placed shipment NP-883 in Locker 14 at 10:20 on August 2. The locker notice states that parcels remain available for pickup for 72 hours from placement; after that interval, an uncollected parcel is transferred to the return cage. No pickup scan was recorded by 10:20 on August 5, and a return-cage transfer was logged at 10:47 that morning.",Shipment NP-883 was transferred to the return cage after its 72-hour locker hold expired.,1,entailment,controlplane-nli-v1-train-b002-f005,customer_support,easy,delivery status
controlplane-nli-v1-train-b005-000100,"Reviewer Sena Kim recommends holding ER-508 open while Maple Clinic supplies an attestation. Orchid Labs remains the sponsor. The recommendation is not the director's final decision, and no final outcome appears in the record. The file also does not say when the director expects to decide the case.",The director will issue a final ER-508 decision within three days.,2,neutral,controlplane-nli-v1-train-b005-f025,regulated_decision_support,hard,administrative eligibility review
controlplane-nli-v1-train-b005-000067,"Former Identity Governance is now called Access Stewardship, and Assurance Office owns quarterly access certifications after the May transfer. Access Stewardship continues to provide reference data. The memo does not say whether Assurance Office added staff when it received the new responsibility.",Assurance Office hired three analysts to support the transferred certification process.,2,neutral,controlplane-nli-v1-train-b005-f017,internal_assistant,hard,governance operations
controlplane-nli-v1-train-b002-000084,"The synthetic CVH-72 referral is valid through March 31, and a four-visit therapy request begins March 10. Cedar Vale Health Administration's block permits up to six visits. The administrative record marks the request eligible for review but does not contain the clinician-review outcome.",The clinician reviewer approved all four visits in CVH-72.,2,neutral,controlplane-nli-v1-train-b002-f021,regulated_decision_support,medium,healthcare administration
controlplane-nli-v1-train-b003-000079,"The HVAC system at the Bellview office is scheduled for a maintenance window every Sunday from 22:00 to 02:00. Last Sunday's session began on time but ran long, ending at 03:15 due to a compressor issue requiring extra diagnostics. No tenant complaints were logged during or after the extended window.",The compressor issue will require a full unit replacement next month.,2,neutral,controlplane-nli-v1-train-b003-f020,customer_support,easy,maintenance_windows
controlplane-nli-v1-train-b005-000027,"PX-73 used Pulse Basic, later called Pulse Start, before moving to Pulse Growth on May 1. The June record confirms that Growth is current. Nothing in the excerpt states whether the customer plans to downgrade again, how much either plan costs, or which feature motivated the migration.",The customer migrated to Pulse Growth because it includes additional storage.,2,neutral,controlplane-nli-v1-train-b005-f007,customer_support,medium,subscription servicing
controlplane-nli-v1-train-b003-000086,"Facility badge system logs show contractor badge CB-410 is provisioned for level-1 access, covering common areas and the loading dock only. An access attempt at the server room door using CB-410 was logged as denied at 14:12 on 6 August. Server room access requires level-3 clearance under facility policy.",The access attempt with badge CB-410 at the server room door was granted on 6 August.,0,contradiction,controlplane-nli-v1-train-b003-f022,regulated_decision_support,medium,authorization_levels
controlplane-nli-v1-train-b005-000018,"VM-882 belongs to Vireo Mobile Ltd., one subsidiary of Vireo Devices Group. Vireo Assist is a shared support team and answered the customer for Vireo Mobile. The case expressly states that Vireo Assist was not the seller, and Vireo Home Ltd., the group's other subsidiary, was not involved.",Vireo Assist was the seller of record for order VM-882.,0,contradiction,controlplane-nli-v1-train-b005-f005,customer_support,medium,shared services
controlplane-nli-v1-train-b002-000002,"For order CV-418, Crescent Vale Electronics recorded a purchase price of $640 on April 3. The price-protection rule covers identical-item listings found within 14 calendar days. A competitor listing for the same monitor was verified at $590 on April 12, and the approved adjustment in the case ledger is $50. No shipping adjustment is documented.",The approved price-protection adjustment for order CV-418 was $40.,0,contradiction,controlplane-nli-v1-train-b002-f001,customer_support,easy,refunds
controlplane-nli-v1-train-b004-000080,"The Merit Foundation Scholarship requires applicants to possess a minimum unweighted GPA of 3.5. In addition to the academic threshold, applicants must log at least 50 hours of documented community service. Applicant Jessica has an unweighted GPA of 3.8 and has submitted documentation for 40 hours of community service.",The Merit Foundation committee reviews scholarship applications on a rolling basis throughout the year.,2,neutral,controlplane-nli-v1-train-b004-f020,regulated_decision_support,easy,Education
controlplane-nli-v1-train-b003-000004,Ticket INC-7741 was opened at 09:12 when subscribers in Zone C reported dropped calls. Field technician Rao arrived on site at 10:05 and replaced a faulty duplexer on tower TW-22 by 11:40. Service was confirmed restored at 12:03 after a network sweep found no further drops. The postmortem notes the root cause as thermal drift in the duplexer during the heat wave.,The root cause of the outage was identified as thermal drift affecting a hardware component.,1,entailment,controlplane-nli-v1-train-b003-f001,customer_support,medium,telecom_incident
controlplane-nli-v1-train-b005-000066,"Access Stewardship is the new name for former Identity Governance. A later governance change moved quarterly certification ownership away from that department and into Assurance Office. Access Stewardship may supply reference data, but the May memo says it no longer owns the process.",Access Stewardship still owns the quarterly access-certification process.,0,contradiction,controlplane-nli-v1-train-b005-f017,internal_assistant,hard,governance operations
controlplane-nli-v1-train-b002-000082,"For synthetic case CVH-72, the referral is valid February 1 through March 31, and the requested therapy start is March 10. Cedar Vale Health Administration allows no more than six visits per authorization block. The request is for four visits, with zero visits previously charged to the block.",CVH-72 requests more visits than the six-visit block maximum.,0,contradiction,controlplane-nli-v1-train-b002-f021,regulated_decision_support,medium,healthcare administration
controlplane-nli-v1-train-b004-000070,"A preliminary soft credit check may result in a ""pre-approved"" status for an auto loan. However, final loan approval is strictly contingent on a hard credit inquiry and manual income verification by an underwriter. Customer Emily received a pre-approved status letter in the mail, but has not yet submitted her income documents to an underwriter.",Emily's pre-approved status means her loan is already finalized.,0,contradiction,controlplane-nli-v1-train-b004-f018,regulated_decision_support,easy,Consumer Lending
controlplane-nli-v1-train-b001-000055,"HelioForge reports 90% task completion for Nova and 87.5% for Vale in August. Nova has one open supplier issue, whereas Vale has two. The report does not state the budget variance for either workstream.",Workstream Nova is under budget for August.,2,neutral,controlplane-nli-v1-train-b001-f014,internal_assistant,medium,project reporting
controlplane-nli-v1-train-b005-000065,"Identity Governance was renamed Access Stewardship in April; it remained the same department under a new name. Responsibility for quarterly access certifications did not stay with that renamed department, however. A May governance memo transferred certification ownership to the Assurance Office. Access Stewardship still provides reference data but no longer owns the certification process.",The Assurance Office currently owns the quarterly access-certification process.,1,entailment,controlplane-nli-v1-train-b005-f017,internal_assistant,hard,governance operations
controlplane-nli-v1-train-b001-000086,"The synthetic Stonebridge E-17 plan provides $1,200 for education each year. Reimbursements of $450 and $300 have already posted, and the ledger reports $450 remaining. A new $500 request is pending, with no approval or rejection entered.",Plan E-17 has $500 remaining in its education allowance.,0,contradiction,controlplane-nli-v1-train-b001-f022,regulated_decision_support,medium,employee benefits
controlplane-nli-v1-train-b002-000023,"Solace Mobility approved a warranty replacement for pack SM-B41 under its MF-9 manufacturing-fault exception. The pack had 846 charge cycles and was 27 months from shipment, satisfying the documented exception conditions. The case notes do not state whether the replacement pack will be new or factory-refurbished.",Solace Mobility will provide a factory-refurbished replacement pack for SM-B41.,2,neutral,controlplane-nli-v1-train-b002-f006,customer_support,hard,warranty claims
controlplane-nli-v1-train-b005-000013,Threadline Desk was renamed Threadline Hub on February 1 without creating a separate service or account system. A customer wrote on February 12 asking support to export her contact list from Threadline Desk. The agent's note explains that references to the old name after February 1 are interpreted as references to Threadline Hub. The export request was queued but not yet completed.,The customer's reference to Threadline Desk on February 12 referred to the renamed Threadline Hub service.,1,entailment,controlplane-nli-v1-train-b005-f004,customer_support,medium,customer support platform
controlplane-nli-v1-train-b006-000082,"The commercial lease for Suite 4B states an annual base rent of $120,000. In addition to the base rent, the tenant pays a flat monthly maintenance fee of $400. Property taxes are assessed separately and passed through at a rate of $2,400 annually.","The monthly base rent alone is $12,000.",0,contradiction,controlplane-nli-v1-train-b006-f021,regulated_decision_support,medium,real_estate
controlplane-nli-v1-train-b006-000013,"Subscription Plan Alpha costs $40 monthly and includes 500 API calls. Any additional calls are billed at $0.10 per call. In November, user UID-770 made 650 API calls. The user also has a flat $5 monthly discount applied to their total bill.",User UID-770's total bill for November will be $50.,1,entailment,controlplane-nli-v1-train-b006-f004,customer_support,medium,saas
controlplane-nli-v1-train-b002-000087,"Hearthline Works records Avery Cole as an eligible dependent in HW-603 and shows the enrollment submission within the 30-day event window. The eligibility check passed. The benefits extract does not specify which dependent-care facility, if any, the employee plans to use.",The employee selected Green Willow Center as the dependent-care facility.,2,neutral,controlplane-nli-v1-train-b002-f022,regulated_decision_support,medium,employee benefits
controlplane-nli-v1-train-b001-000048,"For domestic lodging, Orchard Vale permits team-manager approval only when the nightly rate is no more than $220. Any rate above $220 requires director approval. Conference fees have a separate route, and exception requests are possible.",A $220 domestic hotel rate requires director approval.,0,contradiction,controlplane-nli-v1-train-b001-f012,internal_assistant,medium,internal policies
controlplane-nli-v1-train-b003-000093,"A capacity planning spreadsheet dated 10 March lists database cluster DC-7 as having 40% headroom remaining. A separate monitoring dashboard, refreshed live and checked on 15 March, shows DC-7 headroom at 22% due to increased load from a new service rollout. No update has been made to the spreadsheet since 10 March.","As of 15 March, DC-7's headroom was lower than what the 10 March spreadsheet reported.",1,entailment,controlplane-nli-v1-train-b003-f024,internal_assistant,hard,capacity_allocation_conflict
controlplane-nli-v1-train-b001-000009,"LumenPeak Bank's synthetic account-servicing file for customer profile C-882 records two mailing addresses. On 2026-07-12, agent Nira Patel verified the newly submitted address and marked it as the active correspondence address. The older address was retained only in history. A debit-card replacement request was logged on 2026-07-15 but has a separate workflow.",The newly submitted address became the active correspondence address for profile C-882.,1,entailment,controlplane-nli-v1-train-b001-f003,customer_support,medium,account servicing
controlplane-nli-v1-train-b004-000024,"The ""Early Bird"" discount applies a 20% price reduction to orders up to and including $500. For orders strictly greater than $500, a flat $100 discount is applied instead of the percentage. The discount is calculated based on the pre-tax total. Customer John places an order with a pre-tax total of exactly $500.",John's order total places him within the boundary for the percentage-based discount tier.,1,entailment,controlplane-nli-v1-train-b004-f006,customer_support,hard,Sales & Discounts
controlplane-nli-v1-train-b006-000078,"Bank Charter 9 requires an operating reserve of 10% on deposits up to $50 million, and 15% on any deposit amounts above $50 million. The bank currently holds exactly $70 million in deposits.",The required operating reserve for the bank is $10.5 million.,0,contradiction,controlplane-nli-v1-train-b006-f020,regulated_decision_support,easy,banking
controlplane-nli-v1-train-b003-000082,"Database migration job MJ-501 began extraction at 01:00, completed extraction at 01:45, began transformation at 01:50, and completed loading into the target system at 03:20. A validation script ran automatically at 03:25 and reported zero row-count mismatches between source and target.",The validation script ran after the loading step completed.,1,entailment,controlplane-nli-v1-train-b003-f021,internal_assistant,hard,event_ordering_multi
controlplane-nli-v1-train-b004-000018,"The policy dated January 2023 stated that unredeemed store credits expire 12 months from issuance. A superseding policy issued in November 2023 mandates that store credits issued on or after December 1, 2023, never expire. Customer Maya received a $50 store credit on December 15, 2023.",Maya's store credit will become invalid in December 2024 according to the original policy.,0,contradiction,controlplane-nli-v1-train-b004-f005,customer_support,medium,Retail Policies
controlplane-nli-v1-train-b005-000074,"BA-404 distinguishes Julia Grant, the applicant, from Nolan Grant, the authorized representative who filed documents for her. Nolan may submit materials on Julia's behalf, but the record does not treat him as the person applying for the benefit.",Nolan Grant is the applicant for BA-404 because he submitted the forms.,0,contradiction,controlplane-nli-v1-train-b005-f019,regulated_decision_support,easy,benefits administration
controlplane-nli-v1-train-b004-000048,The standard travel policy limits hotel expense reimbursements to $200 per night. Employees traveling to designated high-cost cities have a limit of $300 per night. Any expense exceeding these limits must have a documented exception signed by a Vice President prior to booking. Employee Sarah booked a $350 per night hotel in a high-cost city without obtaining a Vice President's signature.,Sarah successfully obtained a documented exception for her hotel booking prior to travel.,0,contradiction,controlplane-nli-v1-train-b004-f012,internal_assistant,easy,Travel & Expenses
controlplane-nli-v1-train-b003-000039,Employee Meera Nair completed the forklift safety certification course on 10 January 2025. The certification is valid for 18 months from the completion date. HR records show no renewal has been filed as of the most recent audit on 5 July 2026.,Meera Nair plans to retake the certification course next month.,2,neutral,controlplane-nli-v1-train-b003-f010,internal_assistant,easy,training_certification
controlplane-nli-v1-train-b002-000053,"Meadowrun Robotics tracks three dependent milestones for Project Ember. Interface freeze completed on September 3. Integration testing may start only after interface freeze, and the test log records its start on September 5. Pilot deployment may start only after integration testing closes; testing closed September 18, and pilot deployment began September 21.",Project Ember's pilot deployment began after integration testing had closed.,1,entailment,controlplane-nli-v1-train-b002-f014,internal_assistant,medium,project reporting
controlplane-nli-v1-train-b004-000085,"Approval for a conventional mortgage product requires the applicant to provide a minimum 20% down payment and maintain a debt-to-income (DTI) ratio below 36%. If either condition is not met, the applicant must apply for an FHA loan instead. Applicant Kevin is offering a 25% down payment but has a calculated DTI ratio of 42%.",Kevin cannot be approved for the conventional mortgage product.,1,entailment,controlplane-nli-v1-train-b004-f022,regulated_decision_support,medium,Mortgage Underwriting
controlplane-nli-v1-train-b004-000079,"The Merit Foundation Scholarship requires applicants to possess a minimum unweighted GPA of 3.5. In addition to the academic threshold, applicants must log at least 50 hours of documented community service. Applicant Jessica has an unweighted GPA of 3.8 and has submitted documentation for 40 hours of community service.",Jessica intends to complete an additional 10 hours of community service before the deadline.,2,neutral,controlplane-nli-v1-train-b004-f020,regulated_decision_support,easy,Education
controlplane-nli-v1-train-b001-000003,"Asterline Retail's refund file RF-204 concerns a damaged desk lamp. Approval for $86.40 was entered on 2026-08-04, with repayment directed to the original payment method. The warehouse intake occurred on 2026-08-02. The record contains no timing estimate for when the payment processor will post the credit.",The refund for RF-204 will post to the customer account within three business days.,2,neutral,controlplane-nli-v1-train-b001-f001,customer_support,easy,refunds
controlplane-nli-v1-train-b001-000027,"HarborLeaf Travel's T-Plus guide describes checked-bag reimbursement with a $75 trip cap, a receipt requirement, and an operating-carrier requirement. Seat-selection charges are handled elsewhere. The guide does not state whether the benefit is available on international trips.",T-Plus checked-bag reimbursement is available on all international trips.,2,neutral,controlplane-nli-v1-train-b001-f007,customer_support,medium,benefit inquiries
controlplane-nli-v1-train-b006-000081,"The commercial lease for Suite 4B states an annual base rent of $120,000. In addition to the base rent, the tenant pays a flat monthly maintenance fee of $400. Property taxes are assessed separately and passed through at a rate of $2,400 annually.","The total amount the tenant must pay each month, including base rent, maintenance, and taxes, is $10,600.",1,entailment,controlplane-nli-v1-train-b006-f021,regulated_decision_support,medium,real_estate
controlplane-nli-v1-train-b004-000020,"The policy dated January 2023 stated that unredeemed store credits expire 12 months from issuance. A superseding policy issued in November 2023 mandates that store credits issued on or after December 1, 2023, never expire. Customer Maya received a $50 store credit on December 15, 2023.",The November 2023 superseding policy dictates the terms for Maya's store credit.,1,entailment,controlplane-nli-v1-train-b004-f005,customer_support,medium,Retail Policies
controlplane-nli-v1-train-b001-000093,Brightpath Learning's synthetic program rule says applicants are eligible for Track R only if they complete Module A and Module B. Applicant P-44 completed Module A on 2026-07-03 and Module B on 2026-07-19. Applicant P-45 completed Module A but has no completion entry for Module B. The file does not record enrollment decisions.,Applicant P-44 satisfies the stated completion requirements for Track R eligibility.,1,entailment,controlplane-nli-v1-train-b001-f024,regulated_decision_support,hard,eligibility decisions
controlplane-nli-v1-train-b004-000010,"Cloud platform customers can claim a 10% monthly service credit if they experience an unscheduled outage lasting more than 4 consecutive hours. To qualify, the customer must report the outage via the support portal within 24 hours of its resolution. The Alpha server cluster experienced a 6-hour unscheduled outage on Tuesday. CorpNet uses the Alpha cluster and submitted a support ticket on Thursday, 48 hours after resolution.",CorpNet qualifies for the service credit because their outage lasted longer than 4 hours.,0,contradiction,controlplane-nli-v1-train-b004-f003,customer_support,medium,Cloud Infrastructure
controlplane-nli-v1-train-b004-000071,"A preliminary soft credit check may result in a ""pre-approved"" status for an auto loan. However, final loan approval is strictly contingent on a hard credit inquiry and manual income verification by an underwriter. Customer Emily received a pre-approved status letter in the mail, but has not yet submitted her income documents to an underwriter.",Emily intends to use the loan to purchase a pre-owned sedan.,2,neutral,controlplane-nli-v1-train-b004-f018,regulated_decision_support,easy,Consumer Lending
controlplane-nli-v1-train-b005-000016,"The service formerly called Threadline Desk has been called Threadline Hub since February 1. A support request submitted after that date still says Threadline Desk, and the case note explicitly maps the former name to the current one. The customer's requested contact export remains queued.",Threadline Desk is the former name of Threadline Hub.,1,entailment,controlplane-nli-v1-train-b005-f004,customer_support,medium,customer support platform
controlplane-nli-v1-train-b006-000064,"The annual compliance training requires a total of 12 hours. Employee 908 completed 3.5 hours on Monday, 4.5 hours on Tuesday, and 2 hours on Thursday. The training portal limits users to a maximum of 5 hours per day.",Employee 908 is permitted to complete the remaining hours in a single day.,1,entailment,controlplane-nli-v1-train-b006-f016,internal_assistant,hard,training
controlplane-nli-v1-train-b002-000068,Granite Hollow Foods policy resolves SP-8 repository differences by treating the controlled register as authoritative. That register shows revision 6 effective July 1. The local folder's revision 5 status is an outdated marker and does not supersede the controlled register.,The local folder status supersedes the controlled register when SP-8 versions disagree.,0,contradiction,controlplane-nli-v1-train-b002-f017,internal_assistant,medium,compliance documentation
controlplane-nli-v1-train-b006-000038,"Team Beta consists of 14 full-time developers and 6 contractors. During the upcoming fiscal year, 2 developers will transition to part-time roles, and 3 contractors will be converted to full-time developers. No other staffing changes are planned.",Team Beta will have 4 contractors remaining after the transitions.,0,contradiction,controlplane-nli-v1-train-b006-f010,internal_assistant,easy,human_resources
controlplane-nli-v1-train-b001-000083,"Riverbend records AU-330 as received on 2026-08-10, checklist-complete on 2026-08-11, and queued for clinical review. The synthetic file intentionally omits a medical necessity decision and gives no appointment date. It also contains no scheduling preference.",The imaging appointment for AU-330 is scheduled for 2026-08-19.,2,neutral,controlplane-nli-v1-train-b001-f021,regulated_decision_support,medium,healthcare administration
controlplane-nli-v1-train-b003-000020,"Access log AC-902 shows user jsingh was granted level-2 read access to the finance repository at 08:14 on 3 June. At 08:50, an elevation request to level-3 write access was submitted but remained pending approval. At 11:30 the same day, admin patel approved a level-2 access renewal for jsingh, unrelated to the pending elevation request.",Admin patel denied the level-3 elevation request submitted at 08:50.,0,contradiction,controlplane-nli-v1-train-b003-f005,internal_assistant,hard,access_control
controlplane-nli-v1-train-b002-000054,"Project Ember's dependency plan at Meadowrun Robotics requires interface freeze before integration testing and testing closure before pilot deployment. Interface freeze finished September 3, testing began September 5 and closed September 18, and pilot deployment began September 21.",Project Ember began pilot deployment before integration testing closed.,0,contradiction,controlplane-nli-v1-train-b002-f014,internal_assistant,medium,project reporting
controlplane-nli-v1-train-b002-000073,"Sable Crest Finance uses a synthetic equipment-finance precheck with two necessary conditions: documented collateral coverage of at least 125% of requested principal and a first-priority lien position. File SCF-31 requests $80,000 and contains an accepted equipment valuation of $104,000, which the worksheet records as 130% coverage. The lien report lists Sable Crest Finance as first priority. The precheck is marked passed; final credit approval is a separate stage.",SCF-31 satisfies both documented conditions for the equipment-finance precheck.,1,entailment,controlplane-nli-v1-train-b002-f019,regulated_decision_support,medium,lending
controlplane-nli-v1-train-b005-000079,"Priya Cole's recommendation in ARV-90 supports approval, but the board decision remains outstanding. The file excerpt does not provide the date of the future board vote or indicate whether every board member agrees with Priya's assessment.",The Review Board will vote on ARV-90 next Tuesday.,2,neutral,controlplane-nli-v1-train-b005-f020,regulated_decision_support,easy,administrative review
controlplane-nli-v1-train-b004-000037,"Onboarding a new software vendor requires both a completed IT security assessment and approval from the department director. If the annual contract exceeds $20,000, final authorization from the CFO is also required. Vendor CloudSync has passed the IT security assessment and received director approval for a $15,000 annual contract.",CloudSync can be onboarded without obtaining authorization from the CFO.,1,entailment,controlplane-nli-v1-train-b004-f010,internal_assistant,easy,Vendor Management
controlplane-nli-v1-train-b004-000026,"The standard appliance warranty covers the full cost of replacement parts and labor for mechanical failures for two years. However, if a mechanical failure is caused by user negligence or water damage, the warranty only covers the cost of parts, and the customer must pay for labor. Customer Alice's blender suffered a mechanical motor failure due to accidental water immersion during its first year of use.",The standard warranty will cover both parts and labor for Alice's blender repair.,0,contradiction,controlplane-nli-v1-train-b004-f007,customer_support,hard,Appliance Warranty
controlplane-nli-v1-train-b006-000059,"The sales team had a Q4 target of $100,000. In October, they generated $35,000. November sales were $25,000. A single large deal closed in December brought in $45,000. The company awards a 5% bonus on any revenue that exceeds the quarterly target.",The single large deal in December was signed with a new enterprise client.,2,neutral,controlplane-nli-v1-train-b006-f015,internal_assistant,hard,sales
controlplane-nli-v1-train-b003-000057,"Ticket HD-3301 was filed by user tlee reporting a printer offline issue in office suite 4B, assigned to technician Osei and resolved same day. A separate ticket, HD-3302, filed minutes later by user tlee, reports a scanner malfunction in the same suite and remains open, assigned to technician Farah. Suite 4B's printer has shown no further issues since resolution.",Ticket HD-3302 concerns the same equipment issue as ticket HD-3301.,0,contradiction,controlplane-nli-v1-train-b003-f015,internal_assistant,hard,similar_tickets
controlplane-nli-v1-train-b002-000074,"For synthetic file SCF-31, Sable Crest Finance requires collateral coverage of at least 125% plus first-priority lien status to pass its equipment-finance precheck. The accepted valuation is $104,000 against $80,000 requested principal, and the worksheet records 130% coverage. The lien report shows first priority, so the precheck passed. Final credit approval has not been issued.",SCF-31 failed the precheck because its collateral coverage was below 125%.,0,contradiction,controlplane-nli-v1-train-b002-f019,regulated_decision_support,medium,lending
controlplane-nli-v1-train-b006-000017,"The annual membership fee is $120. If a member cancels before the end of month 6, they receive a 50% refund. If they cancel during month 7 or 8, they receive a 25% refund. No refunds are issued for cancellations after month 8. Member X canceled in month 7.",Member X will receive a refund of exactly $30.,1,entailment,controlplane-nli-v1-train-b006-f005,customer_support,medium,memberships
controlplane-nli-v1-train-b004-000034,Digital movie rentals can be refunded if the viewer has watched less than 15% of the total runtime and the request is made within 48 hours of purchase. User Elena rented a 120-minute movie yesterday and watched 20 minutes of it before requesting a refund today.,Elena qualifies for a refund on her digital movie rental.,0,contradiction,controlplane-nli-v1-train-b004-f009,customer_support,medium,Digital Media
controlplane-nli-v1-train-b005-000006,"Mira Solis is the registered owner of AS-271, while Milo Solis is only an authorized contact. The account rules allow Milo to request credential assistance but expressly prevent an authorized contact from transferring ownership. The support log shows a password reset requested by Milo and no ownership-transfer entry.",Milo Solis became the owner of AS-271 when he requested the password reset.,0,contradiction,controlplane-nli-v1-train-b005-f002,customer_support,easy,account servicing
controlplane-nli-v1-train-b006-000058,"The sales team had a Q4 target of $100,000. In October, they generated $35,000. November sales were $25,000. A single large deal closed in December brought in $45,000. The company awards a 5% bonus on any revenue that exceeds the quarterly target.",The sales team earned a bonus of $500 for Q4.,0,contradiction,controlplane-nli-v1-train-b006-f015,internal_assistant,hard,sales
controlplane-nli-v1-train-b004-000074,"Administrative pre-authorization for elective physical therapy is valid for exactly 30 days from the date of approval. If the first therapy session does not occur within this 30-day window, the authorization expires and a new clinical review must be submitted. Patient Robert received pre-authorization on April 1 and attended his first therapy session on May 15.",Robert's therapy session on May 15 was fully covered by his original pre-authorization.,0,contradiction,controlplane-nli-v1-train-b004-f019,regulated_decision_support,easy,Healthcare Admin
controlplane-nli-v1-train-b001-000026,"Under HarborLeaf Travel plan T-Plus, a covered checked-bag fee can be claimed only with a receipt and when the operating carrier charged it. The guide sets a maximum reimbursement of $75 per covered trip. Seat-selection charges are handled separately, and reimbursement is not automatic.",Plan T-Plus guarantees $75 reimbursement for every checked-bag fee.,0,contradiction,controlplane-nli-v1-train-b001-f007,customer_support,medium,benefit inquiries
controlplane-nli-v1-train-b006-000037,"Team Beta consists of 14 full-time developers and 6 contractors. During the upcoming fiscal year, 2 developers will transition to part-time roles, and 3 contractors will be converted to full-time developers. No other staffing changes are planned.","After the planned changes, Team Beta will have 15 full-time developers.",1,entailment,controlplane-nli-v1-train-b006-f010,internal_assistant,easy,human_resources
controlplane-nli-v1-train-b001-000037,"CinderWorks Procurement evaluated requisition PR-602 for 40 ergonomic chairs. The approved purchase order names Alder & Finch as supplier at $310 per chair. Delivery is requested by 2026-09-15. A second bidder, Mono Ridge, quoted a lower freight charge but was not selected.",Alder & Finch is the approved supplier for requisition PR-602.,1,entailment,controlplane-nli-v1-train-b001-f010,internal_assistant,easy,procurement
controlplane-nli-v1-train-b002-000051,Larchmont Bio distinguishes its two Jordan Lee records by employee key. JL-204 works in Quality Assurance and has a temporary Summit assignment for July 8 through August 2. JL-771 works in Finance at Harbor. The HR extract does not state whether JL-771 has any planned site change after August.,Jordan Lee JL-771 will transfer to Riverside in September.,2,neutral,controlplane-nli-v1-train-b002-f013,internal_assistant,hard,human resources
controlplane-nli-v1-train-b003-000087,"Facility badge system logs show contractor badge CB-410 is provisioned for level-1 access, covering common areas and the loading dock only. An access attempt at the server room door using CB-410 was logged as denied at 14:12 on 6 August. Server room access requires level-3 clearance under facility policy.",The contractor assigned to badge CB-410 was attempting to retrieve a delivery package.,2,neutral,controlplane-nli-v1-train-b003-f022,regulated_decision_support,medium,authorization_levels
controlplane-nli-v1-train-b004-000053,"To hire a new contractor, a manager must submit a requisition form. If the manager approves, the form moves to the Finance department for budget verification. A contractor cannot begin work until Finance grants final authorization. Manager Lisa approved a requisition for a new contractor on Monday. The form is currently in the Finance department's queue for review.",Lisa's new contractor is not yet authorized to begin work.,1,entailment,controlplane-nli-v1-train-b004-f014,internal_assistant,medium,Procurement
controlplane-nli-v1-train-b004-000043,"Employees can carry over a maximum of 40 hours of unused paid time off (PTO) into the next calendar year. Any unused hours exceeding this limit are forfeited on December 31, unless the employee resides in a state with legislation prohibiting PTO forfeiture. Employee Mark resides in Texas, which allows forfeiture, and he has 55 hours of unused PTO at the end of the year.",Mark intends to use some of his carried-over PTO for a vacation in February.,2,neutral,controlplane-nli-v1-train-b004-f011,internal_assistant,easy,Human Resources
controlplane-nli-v1-train-b005-000001,"Northbridge Connect is the customer-facing trade name of Northbridge Communications LLC. Customer invoice NC-440 uses the Northbridge Connect logo, while the remittance section names Northbridge Communications LLC as the payee. The support guide explains that both names refer to the same contracting organization for this service.",Northbridge Connect and Northbridge Communications LLC refer to the same organization in invoice NC-440.,1,entailment,controlplane-nli-v1-train-b005-f001,customer_support,easy,billing support
controlplane-nli-v1-train-b004-000057,"The internal promotion rubric requires candidates for the Senior Analyst role to score at least 85 out of 100 on the technical assessment. Furthermore, candidates must have either three years of internal tenure or a bilingual certification. Candidate Tom scored 90 on the assessment, has two years of internal tenure, and holds a bilingual certification in Spanish.",Tom has met all the necessary rubric requirements to be promoted.,1,entailment,controlplane-nli-v1-train-b004-f015,internal_assistant,medium,Human Resources
controlplane-nli-v1-train-b002-000078,"Synthetic policy NM-88 at North Ember Mutual was suspended beginning November 4. Reinstatement payment could be accepted through November 13, but the rule states that reinstatement starts at the accepted payment time and is not retroactive. Payment was accepted November 9 at 14:30, and the ledger resumes active status from that timestamp.",NM-88 was continuously active from November 4 through the November 9 reinstatement.,0,contradiction,controlplane-nli-v1-train-b002-f020,regulated_decision_support,medium,insurance
controlplane-nli-v1-train-b003-000052,"Assembly line AL-9 uses sub-assembly kits, each containing 4 bracket units. A completed batch report shows 36 kits were consumed during the shift, and quality control separately confirms 144 finished brackets were logged into the output bin. No brackets were logged as scrapped during the shift.",Each consumed kit contained more than 5 bracket units.,0,contradiction,controlplane-nli-v1-train-b003-f013,regulated_decision_support,hard,component_totals
controlplane-nli-v1-train-b005-000056,"The complete CM-12 manual carries Governance Office publication responsibility. Appendix B remains attributed to Security Architecture, which wrote that section before Governance incorporated it. The two credits refer to different scopes: one covers the whole manual's publication and the other covers authorship of one appendix.",Security Architecture is credited as publisher of the entire CM-12 manual.,0,contradiction,controlplane-nli-v1-train-b005-f014,internal_assistant,medium,compliance documentation
controlplane-nli-v1-train-b005-000071,"The AR-61 ticket distinguishes Hana Roe's deletion request from the action that was actually completed, a metadata export. Deletion still needs authorization. The record does not identify which official will issue the token or when that authorization might arrive.",Records director Mina Cole will issue the AR-61 authorization token tomorrow.,2,neutral,controlplane-nli-v1-train-b005-f018,internal_assistant,hard,records administration
controlplane-nli-v1-train-b003-000031,"The build cluster has a total capacity of 200 vCPUs. Team Atlas currently has 75 vCPUs allocated, and team Orion has 60 vCPUs allocated. A pending request from team Lyra for 50 vCPUs has not yet been approved. Capacity planning notes indicate that any remaining unallocated vCPUs are held in reserve for emergency scaling.",Team Orion plans to reduce its vCPU allocation next quarter.,2,neutral,controlplane-nli-v1-train-b003-f008,internal_assistant,medium,resource_capacity
controlplane-nli-v1-train-b003-000050,"Assembly line AL-9 uses sub-assembly kits, each containing 4 bracket units. A completed batch report shows 36 kits were consumed during the shift, and quality control separately confirms 144 finished brackets were logged into the output bin. No brackets were logged as scrapped during the shift.",Some brackets were scrapped during the shift due to a stamping defect.,0,contradiction,controlplane-nli-v1-train-b003-f013,regulated_decision_support,hard,component_totals
controlplane-nli-v1-train-b005-000099,"Maple Clinic is the applicant in ER-508, Orchid Labs is the sponsor, and reviewer Sena Kim recommends keeping the file open while the applicant provides a missing attestation. The director has not issued a final decision. The excerpt does not state whether Maple Clinic has already begun preparing the attestation.",Maple Clinic has already drafted the missing attestation.,2,neutral,controlplane-nli-v1-train-b005-f025,regulated_decision_support,hard,administrative eligibility review
controlplane-nli-v1-train-b001-000015,Northvale Media logged the cancellation of SUB-440 on 2026-08-09 and disabled renewal. The customer can keep using the service until 2026-08-31. The account is on a monthly plan with no early-termination fee. The record does not specify whether the customer will receive a retention offer.,Northvale Media will send a retention offer for SUB-440 before service ends.,2,neutral,controlplane-nli-v1-train-b001-f004,customer_support,easy,subscription cancellation
controlplane-nli-v1-train-b001-000072,Redwood Axis policy text covers privileged administrators and standard analysts for remote access. Privileged accounts must use hardware-backed authentication; standard analysts have two approved options. The excerpt does not specify temporary vendor authentication or whether the referenced appendix contains such a rule.,Temporary vendor accounts may use an approved app token for remote access.,2,neutral,controlplane-nli-v1-train-b001-f018,internal_assistant,hard,internal policies
controlplane-nli-v1-train-b001-000092,SC-91 has completed both academic and community scoring in the Aurora Field scholarship workflow. The file remains pending before the panel and contains no decision amount. No panel meeting date is included in this synthetic record.,The panel will review SC-91 on 2026-09-02.,2,neutral,controlplane-nli-v1-train-b001-f023,regulated_decision_support,easy,scholarship review
controlplane-nli-v1-train-b004-000041,"Employees can carry over a maximum of 40 hours of unused paid time off (PTO) into the next calendar year. Any unused hours exceeding this limit are forfeited on December 31, unless the employee resides in a state with legislation prohibiting PTO forfeiture. Employee Mark resides in Texas, which allows forfeiture, and he has 55 hours of unused PTO at the end of the year.",Mark will forfeit 15 hours of his unused PTO on December 31.,1,entailment,controlplane-nli-v1-train-b004-f011,internal_assistant,easy,Human Resources
controlplane-nli-v1-train-b001-000056,"The August status sheet lists Nova at 18 completed tasks out of 20 planned and Vale at 14 out of 16. HelioForge reports the corresponding rates as 90% and 87.5%. Nova has one supplier risk open, while Vale has two.",Nova completed a smaller share of planned tasks than Vale.,0,contradiction,controlplane-nli-v1-train-b001-f014,internal_assistant,medium,project reporting
controlplane-nli-v1-train-b005-000064,"Devon Ives submitted Mara Ives's expense claim as her assistant. Soren Pike, not Devon, made the approval decision. The record labels Devon as submitter and Soren as approver, so the two actions must not be attributed to the same person merely because both names appear in the workflow.",Devon Ives approved EX-315 after submitting it.,0,contradiction,controlplane-nli-v1-train-b005-f016,internal_assistant,hard,expense administration
controlplane-nli-v1-train-b006-000053,"Project Gamma requires coding 400 modules. By the end of sprint 1, 120 modules were completed. In sprint 2, the team finished another 80 modules. The remaining modules are scheduled for sprint 3.",The team needs to complete 200 modules in sprint 3 to finish Project Gamma.,1,entailment,controlplane-nli-v1-train-b006-f014,internal_assistant,medium,project_management
controlplane-nli-v1-train-b004-000014,"Silver members receive standard ground shipping on all orders. Gold members receive free expedited shipping. Platinum members receive free expedited shipping and a 10% discount on cart totals over $100. However, the 10% discount cannot be combined with promotional clearance items. Customer David is a Platinum member purchasing a $120 jacket on clearance.",David will receive the 10% discount because his cart total is over the $100 threshold.,0,contradiction,controlplane-nli-v1-train-b004-f004,customer_support,medium,E-commerce
controlplane-nli-v1-train-b003-000019,"Access log AC-902 shows user jsingh was granted level-2 read access to the finance repository at 08:14 on 3 June. At 08:50, an elevation request to level-3 write access was submitted but remained pending approval. At 11:30 the same day, admin patel approved a level-2 access renewal for jsingh, unrelated to the pending elevation request.",User jsingh was granted read access to the finance repository before requesting a write access elevation.,1,entailment,controlplane-nli-v1-train-b003-f005,internal_assistant,hard,access_control
controlplane-nli-v1-train-b003-000061,"An internal memo dated 1 May listed the compliance officer for the Northgate division as R. Chen. A superseding organizational update dated 15 May, marked as authoritative, named T. Osei as the new compliance officer effective immediately. No further updates have been issued since 15 May.",T. Osei is the current compliance officer for the Northgate division.,1,entailment,controlplane-nli-v1-train-b003-f016,regulated_decision_support,hard,outdated_records
controlplane-nli-v1-train-b006-000065,"Server rack Alpha has a maximum power capacity of 5,000W. Currently, 3 standard servers are installed, drawing 800W each. An additional high-performance server drawing 1,500W is scheduled for installation tomorrow. A safety buffer of 500W must remain unused at all times.","After tomorrow's installation, server rack Alpha will have 600W of usable capacity remaining.",1,entailment,controlplane-nli-v1-train-b006-f017,internal_assistant,hard,it_support
controlplane-nli-v1-train-b006-000005,"Order #441 was placed on April 10. Standard shipping takes 5 business days, and expedited shipping takes 2 business days. The customer chose expedited shipping. The warehouse requires 1 calendar day to process all orders before they ship.",The warehouse processing time for all orders is exactly 1 calendar day.,1,entailment,controlplane-nli-v1-train-b006-f002,customer_support,easy,retail
controlplane-nli-v1-train-b001-000084,"For AU-330, Riverbend Care Network completed the administrative checklist one day after receiving the request. The case remains in the clinical-review queue, and no medical necessity determination or appointment is entered. The record does not state which reviewer will take the case.",Reviewer Talia Moss will conduct the clinical review for AU-330.,2,neutral,controlplane-nli-v1-train-b001-f021,regulated_decision_support,medium,healthcare administration
controlplane-nli-v1-train-b002-000016,"Policy QS-EVAL permits an evaluation workspace to end immediately if cancellation occurs within 21 days of evaluation start. QA-54 started July 1 and the request was logged July 18. The request was accepted, and the workspace was scheduled to close at 23:59 on July 18 without a renewal charge.",QA-54's cancellation request occurred before the 21-day evaluation window expired.,1,entailment,controlplane-nli-v1-train-b002-f004,customer_support,medium,subscription cancellation
controlplane-nli-v1-train-b006-000069,"Patient chart 88-T notes a daily recommended calcium intake of 1,200 mg. The patient currently takes a morning supplement of 500 mg and gets 350 mg from their diet. The physician advised not to exceed the recommended limit.",The patient can take an additional 350 mg of calcium without exceeding the recommended limit.,1,entailment,controlplane-nli-v1-train-b006-f018,regulated_decision_support,easy,healthcare
controlplane-nli-v1-train-b002-000014,"QA-54 entered a Quillstream Analytics evaluation on July 1. Evaluation workspaces may be cancelled immediately for 21 days, and QA-54 requested cancellation on July 18. The service log accepted the request and ended access at 23:59 that day. No annual subscription order had been created.",Quillstream Analytics required QA-54 to remain active until the end of an annual term.,0,contradiction,controlplane-nli-v1-train-b002-f004,customer_support,medium,subscription cancellation
controlplane-nli-v1-train-b003-000037,Employee Meera Nair completed the forklift safety certification course on 10 January 2025. The certification is valid for 18 months from the completion date. HR records show no renewal has been filed as of the most recent audit on 5 July 2026.,Meera Nair's forklift certification had already expired by the time of the July 2026 audit.,1,entailment,controlplane-nli-v1-train-b003-f010,internal_assistant,easy,training_certification
controlplane-nli-v1-train-b005-000004,"For account NC-440, Northbridge Connect is the trade name shown to customers, while Northbridge Communications LLC is the legal name appearing in the remittance instructions. The billing handbook states that payment to the legal-name payee satisfies an invoice branded Northbridge Connect because both names refer to the same organization.",Paying Northbridge Communications LLC satisfies an NC-440 invoice branded as Northbridge Connect.,1,entailment,controlplane-nli-v1-train-b005-f001,customer_support,easy,billing support
controlplane-nli-v1-train-b004-000045,The standard travel policy limits hotel expense reimbursements to $200 per night. Employees traveling to designated high-cost cities have a limit of $300 per night. Any expense exceeding these limits must have a documented exception signed by a Vice President prior to booking. Employee Sarah booked a $350 per night hotel in a high-cost city without obtaining a Vice President's signature.,Sarah's booked hotel expense is above her authorized reimbursement limit.,1,entailment,controlplane-nli-v1-train-b004-f012,internal_assistant,easy,Travel & Expenses
controlplane-nli-v1-train-b004-000075,"Administrative pre-authorization for elective physical therapy is valid for exactly 30 days from the date of approval. If the first therapy session does not occur within this 30-day window, the authorization expires and a new clinical review must be submitted. Patient Robert received pre-authorization on April 1 and attended his first therapy session on May 15.",Robert's delay in attending his first session was due to an illness.,2,neutral,controlplane-nli-v1-train-b004-f019,regulated_decision_support,easy,Healthcare Admin
controlplane-nli-v1-train-b006-000050,"Warehouse 4 has a total storage capacity of 10,000 pallets. Currently, 6,200 pallets are occupied by electronics, and 1,800 pallets are occupied by apparel. An incoming shipment of 1,500 pallets of toys is scheduled for tomorrow.","There are currently 2,500 empty pallet spaces in Warehouse 4 before the toy shipment arrives.",0,contradiction,controlplane-nli-v1-train-b006-f013,internal_assistant,medium,logistics
controlplane-nli-v1-train-b002-000041,"Ironwood Data Fabric rotated the TLS certificate for service IDF-API. Certificate C17 was valid from January 1 through June 30. Replacement C18 became valid on June 15 and remains valid through December 31, creating a planned 16-day overlap. The change record states that C18 became the preferred certificate on June 20, while C17 remained accepted until its June 30 expiry.",Certificates C17 and C18 were both valid for IDF-API on June 20.,1,entailment,controlplane-nli-v1-train-b002-f011,internal_assistant,hard,IT operations
controlplane-nli-v1-train-b003-000091,"Store location ST-201 in Millfield reported a POS terminal outage lasting from 09:00 to 09:40 on 12 August, affecting card payments only. A separate outage at store ST-204 in Millfield South, on the same day, affected both card and cash-drawer systems from 09:15 to 10:30. Regional IT confirmed the two outages had unrelated causes.",Store ST-201 issued refunds to customers affected by the outage.,2,neutral,controlplane-nli-v1-train-b003-f023,customer_support,hard,two_similar_tickets_locations
controlplane-nli-v1-train-b001-000059,"The Kestrel Point scorecard shows Ardent Freight at 96% on-time and 8.7 quality, while Brindle Logistics has 93% on-time and 9.1 quality. Ardent is recommended for a one-year extension. The memo gives no proposed rate increase for either vendor.",Ardent Freight requested a 4% rate increase for the renewal.,2,neutral,controlplane-nli-v1-train-b001-f015,internal_assistant,medium,vendor management
controlplane-nli-v1-train-b001-000077,"Maple Strand Assurance's synthetic claim file CL-711 concerns water damage reported on 2026-08-06. The internal record shows coverage active through 2026-12-31 and marks document review complete. The claim status is 'assessment pending'; no payment amount or final coverage determination has been entered. A contractor estimate of $3,800 is attached.",Claim CL-711 is still pending assessment.,1,entailment,controlplane-nli-v1-train-b001-f020,regulated_decision_support,easy,insurance
controlplane-nli-v1-train-b003-000033,"Policy document DOC-220 revision C was published on 1 February and marked as the authoritative version. Revision D, drafted on 15 February, was circulated for internal comment but was withdrawn on 22 February after reviewers flagged inconsistencies. No further revision has since been published, and revision C remains listed as current in the document registry.",Revision C is currently the authoritative version of DOC-220.,1,entailment,controlplane-nli-v1-train-b003-f009,regulated_decision_support,hard,document_versioning
controlplane-nli-v1-train-b006-000007,"Order #441 was placed on April 10. Standard shipping takes 5 business days, and expedited shipping takes 2 business days. The customer chose expedited shipping. The warehouse requires 1 calendar day to process all orders before they ship.",April 10 falls on a Monday.,2,neutral,controlplane-nli-v1-train-b006-f002,customer_support,easy,retail
controlplane-nli-v1-train-b004-000023,"The ""Early Bird"" discount applies a 20% price reduction to orders up to and including $500. For orders strictly greater than $500, a flat $100 discount is applied instead of the percentage. The discount is calculated based on the pre-tax total. Customer John places an order with a pre-tax total of exactly $500.",John completed payment for his order using a corporate credit card.,2,neutral,controlplane-nli-v1-train-b004-f006,customer_support,hard,Sales & Discounts
controlplane-nli-v1-train-b004-000011,"Cloud platform customers can claim a 10% monthly service credit if they experience an unscheduled outage lasting more than 4 consecutive hours. To qualify, the customer must report the outage via the support portal within 24 hours of its resolution. The Alpha server cluster experienced a 6-hour unscheduled outage on Tuesday. CorpNet uses the Alpha cluster and submitted a support ticket on Thursday, 48 hours after resolution.",CorpNet experienced significant financial losses as a direct result of the Tuesday Alpha server outage.,2,neutral,controlplane-nli-v1-train-b004-f003,customer_support,medium,Cloud Infrastructure
controlplane-nli-v1-train-b005-000053,"Compliance manual CM-12 was published by the Governance Office. Appendix B, however, was written by the Security Architecture team and incorporated into the manual without changing that appendix's authorship. The publication cover names Governance Office as publisher of the complete manual and the appendix header separately credits Security Architecture.",Security Architecture authored Appendix B of compliance manual CM-12.,1,entailment,controlplane-nli-v1-train-b005-f014,internal_assistant,medium,compliance documentation
controlplane-nli-v1-train-b006-000090,"Aircraft tail N445 has accumulated 3,200 flight hours. A mandatory engine inspection is required every 1,500 flight hours. The last inspection was completed when the aircraft had logged exactly 1,450 flight hours.",Aircraft N445 is currently compliant with the engine inspection requirement.,0,contradiction,controlplane-nli-v1-train-b006-f023,regulated_decision_support,medium,aviation
controlplane-nli-v1-train-b003-000075,Vendor Kestrel Supply's warehouse in Dallas reported zero backorders for item SKU-8842 as of 1 June. A separate Kestrel Supply facility in Reno reported the same SKU with 40 units on backorder as of the same date. Orders routed through the central procurement system default to whichever facility has the shorter transit time to the requesting site.,An order from a customer in Phoenix would be routed to the Dallas facility.,2,neutral,controlplane-nli-v1-train-b003-f019,regulated_decision_support,hard,two_vendor_locations
controlplane-nli-v1-train-b006-000088,"Fund XYZ has total assets of $400 million. Regulatory guidelines mandate that at least 8% of total assets be held in highly liquid cash equivalents. Currently, the fund holds $25 million in cash and $5 million in Treasury bills, which both qualify as liquid.",The required minimum amount of highly liquid cash equivalents for Fund XYZ is $32 million.,1,entailment,controlplane-nli-v1-train-b006-f022,regulated_decision_support,medium,finance
controlplane-nli-v1-train-b002-000030,"SecureArchive at TerraNote is offered only when a workspace has Pro storage, is in region R2 or R3, and runs desktop client 8.4 or newer. TN-318 uses Pro storage, sits in R3, and runs desktop client 8.6. The eligibility engine lists the add-on as available.",TN-318 cannot use SecureArchive because its region is R3.,0,contradiction,controlplane-nli-v1-train-b002-f008,customer_support,hard,service eligibility
controlplane-nli-v1-train-b001-000028,The T-Plus benefit guide says a traveler may claim an eligible checked-bag fee when the operating carrier charged it and a receipt is submitted. HarborLeaf caps the reimbursement at $75 for each covered trip. The document treats seat selection as a separate category.,A receipt is required to claim the T-Plus checked-bag benefit.,1,entailment,controlplane-nli-v1-train-b001-f007,customer_support,medium,benefit inquiries
controlplane-nli-v1-train-b003-000067,"The support contract for client Halden Corp guarantees a response time of under 4 hours for priority-1 tickets. Ticket PR-8820, classified priority-1, was submitted at 13:00 and received its first agent response at 15:40. The ticket was fully resolved at 19:15 the same day.",The agent who responded to the ticket was a senior support specialist.,2,neutral,controlplane-nli-v1-train-b003-f017,customer_support,easy,sla_response
controlplane-nli-v1-train-b002-000035,Seabrook Events approved a $77.40 refund for T-411 after session SE-22 was cancelled. The amount consists of $72.00 admission and $5.40 venue tax; a $3.00 donation is excluded as non-refundable. The case file does not state the payment processor's settlement date.,The payment processor settled the T-411 refund on September 4.,2,neutral,controlplane-nli-v1-train-b002-f009,customer_support,easy,refunds
controlplane-nli-v1-train-b005-000029,"Family account FA-118 lists Adrian Bell as primary owner and his son, Adrian K. Bell, as an authorized user. A support note says that the elder Bell asked to remove the latter's tablet from the account. The phrase the latter refers to Adrian K. Bell, who was the second Bell named. The tablet removal was completed without changing the account owner.","Adrian Bell, the primary owner, requested removal of Adrian K. Bell's tablet.",1,entailment,controlplane-nli-v1-train-b005-f008,customer_support,hard,shared account servicing
controlplane-nli-v1-train-b005-000054,"CM-12 is published as a whole by the Governance Office, but its Appendix B carries a separate authorship credit for Security Architecture. Governance incorporated the appendix into the final manual; it did not rewrite the appendix or assume authorship of that section.",The Governance Office authored Appendix B because it published the complete manual.,0,contradiction,controlplane-nli-v1-train-b005-f014,internal_assistant,medium,compliance documentation
controlplane-nli-v1-train-b006-000022,"Guest reservation 11-A was originally booked for 4 nights at $150 per night. On the second day, the guest extended the stay by 2 nights at a discounted rate of $100 per night. The guest also accumulated $45 in room service charges.",The initial 4-night stay cost $500 before the extension.,0,contradiction,controlplane-nli-v1-train-b006-f006,customer_support,medium,hospitality
controlplane-nli-v1-train-b004-000050,"The corporate employee handbook states that all hourly workers are entitled to a 30-minute unpaid lunch break. However, Section 4 of the local union collective bargaining agreement (CBA) mandates a 45-minute paid lunch break for facility workers. Where policies conflict, the CBA strictly supersedes the corporate handbook. Employee James is an hourly facility worker covered by the CBA.",James is only permitted to take a 30-minute unpaid lunch break.,0,contradiction,controlplane-nli-v1-train-b004-f013,internal_assistant,medium,Labor Relations
controlplane-nli-v1-train-b006-000086,"Fund XYZ has total assets of $400 million. Regulatory guidelines mandate that at least 8% of total assets be held in highly liquid cash equivalents. Currently, the fund holds $25 million in cash and $5 million in Treasury bills, which both qualify as liquid.",The fund meets the regulatory liquidity requirement with its $30 million in cash equivalents.,0,contradiction,controlplane-nli-v1-train-b006-f022,regulated_decision_support,medium,finance
controlplane-nli-v1-train-b005-000047,"Project Prism is the current name of former Project Lantern, and Eira Moss remains its sponsor. Nikhil Sen took over delivery ownership from Tomas Reed on July 1. The governance record does not state why the name changed or whether customers were consulted about the new name.",The project was renamed because customers requested the Prism name.,2,neutral,controlplane-nli-v1-train-b005-f012,internal_assistant,medium,project governance
controlplane-nli-v1-train-b003-000090,"Store location ST-201 in Millfield reported a POS terminal outage lasting from 09:00 to 09:40 on 12 August, affecting card payments only. A separate outage at store ST-204 in Millfield South, on the same day, affected both card and cash-drawer systems from 09:15 to 10:30. Regional IT confirmed the two outages had unrelated causes.",The two outages at ST-201 and ST-204 shared the same root cause.,0,contradiction,controlplane-nli-v1-train-b003-f023,customer_support,hard,two_similar_tickets_locations
controlplane-nli-v1-train-b006-000031,"Claim C-98 includes three damaged items: a laptop valued at $1,200, a phone valued at $800, and a watch valued at $400. The policy includes a flat $250 deductible applied to the total approved claim. The watch was denied coverage because it was outside the insured location.",The customer's laptop was damaged due to a water spill.,2,neutral,controlplane-nli-v1-train-b006-f008,customer_support,hard,insurance
controlplane-nli-v1-train-b006-000020,"The annual membership fee is $120. If a member cancels before the end of month 6, they receive a 50% refund. If they cancel during month 7 or 8, they receive a 25% refund. No refunds are issued for cancellations after month 8. Member X canceled in month 7.",A member who cancels during month 9 gets no refund of the annual fee.,1,entailment,controlplane-nli-v1-train-b006-f005,customer_support,medium,memberships
controlplane-nli-v1-train-b001-000044,"The IT-884 incident timeline shows an application outage followed by a rollback and restoration at 14:32 on 2026-08-22. After service recovered, Pinegate Systems changed the severity from 1 to 3. The later database review is tracked separately.",IT-884 remained at severity 1 after service recovery.,0,contradiction,controlplane-nli-v1-train-b001-f011,internal_assistant,easy,IT operations
controlplane-nli-v1-train-b003-000069,"The Q3 network upgrade for branch office BR-12 was scheduled for completion by 30 September. Project tracking shows the cabling phase finished on 12 September, but the switch configuration phase, originally planned for 20 September, was delayed and completed on 4 October instead. No other phases were affected.",The overall Q3 network upgrade for branch office BR-12 finished after its original 30 September target.,1,entailment,controlplane-nli-v1-train-b003-f018,internal_assistant,medium,scheduled_vs_completed
controlplane-nli-v1-train-b006-000062,"The annual compliance training requires a total of 12 hours. Employee 908 completed 3.5 hours on Monday, 4.5 hours on Tuesday, and 2 hours on Thursday. The training portal limits users to a maximum of 5 hours per day.",Employee 908 completed exactly 11 hours of training by the end of Thursday.,0,contradiction,controlplane-nli-v1-train-b006-f016,internal_assistant,hard,training
controlplane-nli-v1-train-b002-000003,"Crescent Vale Electronics received a price-protection request for order CV-418, purchased for $640 on April 3. An identical competitor offer at $590 was verified on April 12, which falls inside the policy's 14-day comparison period. The service record shows that the price-protection credit was approved. The file does not state when the customer actually saw the credit on a card statement.",The customer saw the approved CV-418 credit on a card statement on April 15.,2,neutral,controlplane-nli-v1-train-b002-f001,customer_support,easy,refunds
controlplane-nli-v1-train-b005-000026,"The plan once called Pulse Basic was renamed Pulse Start without changing the underlying tier. On May 1, PX-73 moved from that tier to Pulse Growth, which is a different plan. The June account summary describes Pulse Start as former and Pulse Growth as current.",Pulse Start is still the current plan for PX-73 in June.,0,contradiction,controlplane-nli-v1-train-b005-f007,customer_support,medium,subscription servicing
controlplane-nli-v1-train-b002-000020,"Nimbus Parcel's locker rule gives recipients 72 hours from placement to collect an item. NP-883 was placed at 10:20 on August 2, so its hold interval ran until 10:20 on August 5. No pickup scan appears in that interval. Staff moved it to the return cage at 10:47 on August 5.",NP-883 remained in the locker for at least 72 hours before the return transfer.,1,entailment,controlplane-nli-v1-train-b002-f005,customer_support,easy,delivery status
controlplane-nli-v1-train-b006-000074,"The compliance audit requires documents from three branches. Branch X submitted 45 files, Branch Y submitted 30 files, and Branch Z submitted 25 files. The regulator mandates a minimum total submission of 110 files to pass the initial review.",The total number of files submitted by all branches is 115.,0,contradiction,controlplane-nli-v1-train-b006-f019,regulated_decision_support,easy,legal
controlplane-nli-v1-train-b001-000042,"Incident IT-884 at Pinegate Systems involved an application outage. A rollback restored service at 14:32 on 2026-08-22, after which the incident severity moved from 1 to 3. The database capacity review is a separate follow-up item and was not the restoration action.",The outage was resolved by increasing database capacity.,0,contradiction,controlplane-nli-v1-train-b001-f011,internal_assistant,easy,IT operations
controlplane-nli-v1-train-b004-000064,"The software deployment protocol dictates that all five senior developers on the core team must sign off on the final code review before a major release can be pushed to production. If even one senior developer rejects the review, the release is blocked. Four senior developers have signed off on the 2.0 release, while the fifth is currently reviewing it.",The fifth senior developer has already rejected the 2.0 release.,0,contradiction,controlplane-nli-v1-train-b004-f016,internal_assistant,hard,Software Engineering
controlplane-nli-v1-train-b002-000100,"The superseding AG-9 worksheet records 3 exceptions in a 40-record sample and calculates 7.5%, above the AP-12 tolerance of 5%. A previous draft with two exceptions is retained only as obsolete history. No remediation owner is named in the final worksheet excerpt.",Remediation for AG-9 is assigned to the Identity Operations team.,2,neutral,controlplane-nli-v1-train-b002-f025,regulated_decision_support,hard,audit findings
controlplane-nli-v1-train-b006-000039,"Team Beta consists of 14 full-time developers and 6 contractors. During the upcoming fiscal year, 2 developers will transition to part-time roles, and 3 contractors will be converted to full-time developers. No other staffing changes are planned.",The 2 developers transitioning to part-time roles requested the change due to childcare responsibilities.,2,neutral,controlplane-nli-v1-train-b006-f010,internal_assistant,easy,human_resources
controlplane-nli-v1-train-b006-000068,"Server rack Alpha has a maximum power capacity of 5,000W. Currently, 3 standard servers are installed, drawing 800W each. An additional high-performance server drawing 1,500W is scheduled for installation tomorrow. A safety buffer of 500W must remain unused at all times.","The total power draw of all servers after tomorrow's installation will be 3,900W.",1,entailment,controlplane-nli-v1-train-b006-f017,internal_assistant,hard,it_support
controlplane-nli-v1-train-b005-000087,"LD-312 includes Leo Vale's revenue letter for Sora Vale and Mina Cross's later processing note. Mina reports what Leo stated about annual revenue. The excerpt does not say whether Leo prepared the letter from audited accounts, internal management records, or another source.",Leo Vale based the revenue letter on audited financial statements.,2,neutral,controlplane-nli-v1-train-b005-f022,regulated_decision_support,medium,lending documentation
controlplane-nli-v1-train-b003-000070,"The Q3 network upgrade for branch office BR-12 was scheduled for completion by 30 September. Project tracking shows the cabling phase finished on 12 September, but the switch configuration phase, originally planned for 20 September, was delayed and completed on 4 October instead. No other phases were affected.",The switch configuration phase was completed on its originally planned date of 20 September.,0,contradiction,controlplane-nli-v1-train-b003-f018,internal_assistant,medium,scheduled_vs_completed
controlplane-nli-v1-train-b005-000097,"Synthetic file ER-508 names Maple Clinic as the applicant and Orchid Labs as the sponsoring organization. Reviewer Sena Kim writes that the sponsor told the applicant that the latter must provide the missing attestation. In that sentence, the latter refers to Maple Clinic, the second entity named. Sena recommends holding the file open, but the director has not issued a final decision.",Maple Clinic is the entity that must provide the missing attestation.,1,entailment,controlplane-nli-v1-train-b005-f025,regulated_decision_support,hard,administrative eligibility review
controlplane-nli-v1-train-b002-000022,"The standard Solace Mobility battery warranty has an 800-cycle ceiling. Pack SM-B41 showed 846 cycles, but the policy allows an exception when MF-9 is diagnosed within 30 months of shipment. SM-B41 was 27 months old and its diagnostics recorded MF-9, so the warranty desk approved replacement.",SM-B41 was ineligible for warranty replacement after exceeding 800 charge cycles.,0,contradiction,controlplane-nli-v1-train-b002-f006,customer_support,hard,warranty claims
controlplane-nli-v1-train-b005-000036,"Joel Neri's case note reports what the GroveWorks HR letter says, while the letter itself was authored by GroveWorks HR and merely uploaded by Mina Park. Joel's act of summarizing the document does not make him its author. The case keeps the original letter and the agent's note as separate records.",Joel Neri summarized the employment letter without being its author.,1,entailment,controlplane-nli-v1-train-b005-f009,customer_support,hard,support documentation
controlplane-nli-v1-train-b002-000007,"Oriole Grid Cloud's dispute packet for OG-77 contains a June metering export of 1,200,000 API calls and a contract allowance of 800,000 included calls. The billing worksheet computes 400,000 overage calls and $800 of usage charges. The packet says the metering count is under review, but it does not state whether finance will issue any credit after that review.",Finance will issue tenant OG-77 a credit after the metering review.,2,neutral,controlplane-nli-v1-train-b002-f002,customer_support,hard,invoice disputes
controlplane-nli-v1-train-b006-000041,"The marketing budget for Q3 is $50,000. $20,000 is allocated to social media ads, and $15,000 is allocated to email campaigns. The rest is reserved for event sponsorships. At the end of July, $8,000 had been spent on social media ads.","There is $15,000 reserved for event sponsorships in the Q3 marketing budget.",1,entailment,controlplane-nli-v1-train-b006-f011,internal_assistant,easy,finance
controlplane-nli-v1-train-b003-000001,Ticket INC-7741 was opened at 09:12 when subscribers in Zone C reported dropped calls. Field technician Rao arrived on site at 10:05 and replaced a faulty duplexer on tower TW-22 by 11:40. Service was confirmed restored at 12:03 after a network sweep found no further drops. The postmortem notes the root cause as thermal drift in the duplexer during the heat wave.,Service on tower TW-22 was restored just under three hours after the ticket was opened.,1,entailment,controlplane-nli-v1-train-b003-f001,customer_support,medium,telecom_incident
controlplane-nli-v1-train-b003-000089,"Store location ST-201 in Millfield reported a POS terminal outage lasting from 09:00 to 09:40 on 12 August, affecting card payments only. A separate outage at store ST-204 in Millfield South, on the same day, affected both card and cash-drawer systems from 09:15 to 10:30. Regional IT confirmed the two outages had unrelated causes.",The outage at ST-204 lasted longer than the outage at ST-201.,1,entailment,controlplane-nli-v1-train-b003-f023,customer_support,hard,two_similar_tickets_locations
controlplane-nli-v1-train-b005-000075,"Julia Grant is the applicant in BA-404, and Nolan Grant is authorized to submit documents for her. The administrative excerpt does not state whether Nolan is a relative, professional representative, friend, or coworker of Julia.",Nolan Grant is Julia Grant's brother.,2,neutral,controlplane-nli-v1-train-b005-f019,regulated_decision_support,easy,benefits administration
controlplane-nli-v1-train-b001-000065,VelaStone Manufacturing's synthetic control file lists two annual attestations. The Data Handling attestation was signed by controller Ishan Ro on 2026-07-28. The Supplier Conduct attestation was signed by controller Mina Sol on 2026-08-03. An internal checklist requires each attestation to be signed before its respective review can be closed.,Mina Sol signed the Supplier Conduct attestation on 2026-08-03.,1,entailment,controlplane-nli-v1-train-b001-f017,internal_assistant,hard,compliance documentation
controlplane-nli-v1-train-b002-000021,"Solace Mobility's battery warranty normally ends when a pack reaches 800 charge cycles. An exception permits replacement beyond that count when diagnostics identify manufacturing fault code MF-9 and the pack is within 30 months of shipment. Pack SM-B41 had 846 cycles, was 27 months old, and the diagnostic report recorded MF-9. The warranty desk approved a replacement under the manufacturing-fault exception.",Pack SM-B41 remained eligible for warranty replacement despite exceeding 800 charge cycles.,1,entailment,controlplane-nli-v1-train-b002-f006,customer_support,hard,warranty claims
controlplane-nli-v1-train-b003-000055,"A customer's water tank warranty claim states the tank holds 1,200 liters of capacity. The service technician's report, filed separately, records the tank's capacity as 1.2 cubic meters. Both documents were submitted as part of the same claim file, CF-663, without any noted discrepancy by the reviewing agent.",The reviewing agent requested a third-party audit of the tank's capacity.,2,neutral,controlplane-nli-v1-train-b003-f014,customer_support,easy,unit_conversion
controlplane-nli-v1-train-b003-000096,"A capacity planning spreadsheet dated 10 March lists database cluster DC-7 as having 40% headroom remaining. A separate monitoring dashboard, refreshed live and checked on 15 March, shows DC-7 headroom at 22% due to increased load from a new service rollout. No update has been made to the spreadsheet since 10 March.",DC-7's headroom dropped by 18 percentage points between the two reports.,1,entailment,controlplane-nli-v1-train-b003-f024,internal_assistant,hard,capacity_allocation_conflict
controlplane-nli-v1-train-b003-000049,"Assembly line AL-9 uses sub-assembly kits, each containing 4 bracket units. A completed batch report shows 36 kits were consumed during the shift, and quality control separately confirms 144 finished brackets were logged into the output bin. No brackets were logged as scrapped during the shift.",The number of finished brackets logged matches the expected output from the kits consumed.,1,entailment,controlplane-nli-v1-train-b003-f013,regulated_decision_support,hard,component_totals
controlplane-nli-v1-train-b001-000079,"Maple Strand's synthetic CL-711 file lists an active coverage period through 2026-12-31 and a report date of 2026-08-06. Document review is complete, and the status remains assessment pending. The file gives no final coverage determination.",Claim CL-711 will ultimately receive only partial coverage.,2,neutral,controlplane-nli-v1-train-b001-f020,regulated_decision_support,easy,insurance
controlplane-nli-v1-train-b006-000070,"Patient chart 88-T notes a daily recommended calcium intake of 1,200 mg. The patient currently takes a morning supplement of 500 mg and gets 350 mg from their diet. The physician advised not to exceed the recommended limit.",The patient's current daily calcium intake is 950 mg.,0,contradiction,controlplane-nli-v1-train-b006-f018,regulated_decision_support,easy,healthcare
controlplane-nli-v1-train-b002-000076,"The SCF-31 equipment-finance worksheet at Sable Crest Finance records $104,000 of accepted collateral value for $80,000 requested principal, equal to 130% coverage. The precheck also requires first-priority lien status, and the lien report confirms that status. The precheck passed, but no final committee decision appears.",The committee will approve SCF-31 at its next meeting.,2,neutral,controlplane-nli-v1-train-b002-f019,regulated_decision_support,medium,lending
controlplane-nli-v1-train-b002-000075,Sable Crest Finance's SCF-31 precheck passed because the accepted collateral coverage was recorded at 130% and the lien report showed first priority. The workflow notes that precheck passage does not constitute final credit approval. The file excerpt does not contain the later credit committee decision.,The credit committee gave SCF-31 final lending approval.,2,neutral,controlplane-nli-v1-train-b002-f019,regulated_decision_support,medium,lending
controlplane-nli-v1-train-b003-000074,Vendor Kestrel Supply's warehouse in Dallas reported zero backorders for item SKU-8842 as of 1 June. A separate Kestrel Supply facility in Reno reported the same SKU with 40 units on backorder as of the same date. Orders routed through the central procurement system default to whichever facility has the shorter transit time to the requesting site.,Both the Dallas and Reno facilities reported zero backorders for SKU-8842 as of 1 June.,0,contradiction,controlplane-nli-v1-train-b003-f019,regulated_decision_support,hard,two_vendor_locations
controlplane-nli-v1-train-b006-000006,"Order #441 was placed on April 10. Standard shipping takes 5 business days, and expedited shipping takes 2 business days. The customer chose expedited shipping. The warehouse requires 1 calendar day to process all orders before they ship.",The customer chose standard shipping for Order #441.,0,contradiction,controlplane-nli-v1-train-b006-f002,customer_support,easy,retail
controlplane-nli-v1-train-b006-000077,"Bank Charter 9 requires an operating reserve of 10% on deposits up to $50 million, and 15% on any deposit amounts above $50 million. The bank currently holds exactly $70 million in deposits.",The bank is required to hold an operating reserve of $8 million.,1,entailment,controlplane-nli-v1-train-b006-f020,regulated_decision_support,easy,banking
controlplane-nli-v1-train-b006-000084,"The commercial lease for Suite 4B states an annual base rent of $120,000. In addition to the base rent, the tenant pays a flat monthly maintenance fee of $400. Property taxes are assessed separately and passed through at a rate of $2,400 annually.",The property taxes add $200 to the tenant's monthly expenses.,1,entailment,controlplane-nli-v1-train-b006-f021,regulated_decision_support,medium,real_estate
controlplane-nli-v1-train-b006-000040,"Team Beta consists of 14 full-time developers and 6 contractors. During the upcoming fiscal year, 2 developers will transition to part-time roles, and 3 contractors will be converted to full-time developers. No other staffing changes are planned.",Team Beta will have 3 contractors after the upcoming changes.,1,entailment,controlplane-nli-v1-train-b006-f010,internal_assistant,easy,human_resources
controlplane-nli-v1-train-b002-000026,"Membership PAC-62 at Pinecrest Auto Club provides exactly three covered roadside callouts per year. Two covered callouts have been used, one on February 4 and another on June 19. The account view shows one remaining covered callout.",PAC-62 has already used all three covered roadside callouts this year.,0,contradiction,controlplane-nli-v1-train-b002-f007,customer_support,easy,benefit inquiries
controlplane-nli-v1-train-b004-000051,"The corporate employee handbook states that all hourly workers are entitled to a 30-minute unpaid lunch break. However, Section 4 of the local union collective bargaining agreement (CBA) mandates a 45-minute paid lunch break for facility workers. Where policies conflict, the CBA strictly supersedes the corporate handbook. Employee James is an hourly facility worker covered by the CBA.",James prefers to eat his lunch in the employee breakroom rather than his car.,2,neutral,controlplane-nli-v1-train-b004-f013,internal_assistant,medium,Labor Relations
controlplane-nli-v1-train-b006-000025,"Account holder 55-TR initiated a wire transfer of 8,000 EUR on Tuesday at 14:00. The standard transfer fee is 1.5% of the total amount. Because the holder has Premium Status, the fee is reduced by 0.5 percentage points. The daily limit for outgoing transfers is 10,000 EUR.","The fee applied to the 8,000 EUR wire transfer is 80 EUR.",1,entailment,controlplane-nli-v1-train-b006-f007,customer_support,hard,banking
controlplane-nli-v1-train-b002-000038,"For FR-902, Falconridge Components first checks whether each bidder has the required security certificate. Cedar Metric passed that gate and received a recorded weighted score of 87.2. The committee placed Cedar Metric on the commercial shortlist. The procurement log says final supplier selection has not yet occurred.",Cedar Metric has already received the final FR-902 supplier award.,0,contradiction,controlplane-nli-v1-train-b002-f010,internal_assistant,medium,procurement
controlplane-nli-v1-train-b004-000022,"The ""Early Bird"" discount applies a 20% price reduction to orders up to and including $500. For orders strictly greater than $500, a flat $100 discount is applied instead of the percentage. The discount is calculated based on the pre-tax total. Customer John places an order with a pre-tax total of exactly $500.",A flat $100 discount will be applied to John's order.,0,contradiction,controlplane-nli-v1-train-b004-f006,customer_support,hard,Sales & Discounts
controlplane-nli-v1-train-b003-000002,Ticket INC-7741 was opened at 09:12 when subscribers in Zone C reported dropped calls. Field technician Rao arrived on site at 10:05 and replaced a faulty duplexer on tower TW-22 by 11:40. Service was confirmed restored at 12:03 after a network sweep found no further drops. The postmortem notes the root cause as thermal drift in the duplexer during the heat wave.,The duplexer replacement was completed before the technician arrived on site.,0,contradiction,controlplane-nli-v1-train-b003-f001,customer_support,medium,telecom_incident
controlplane-nli-v1-train-b005-000050,"Although Stonepath Group is the parent of Stonepath Analytics Ltd., DPA-77 was executed with the subsidiary. The parent company's relationship manager assisted the process on the subsidiary's behalf. The contract record explicitly says Stonepath Group itself was not a signatory.",Stonepath Group signed DPA-77 as the contracting vendor.,0,contradiction,controlplane-nli-v1-train-b005-f013,internal_assistant,medium,vendor management
controlplane-nli-v1-train-b001-000051,"Beacon Ridge Labs scheduled Maren Holt's transfer from Atlas to Cedar for 2026-09-01. Her title remains Data Operations Specialist, and an October compensation review is noted separately. The transfer documentation gives no decision about a future salary adjustment.",Maren Holt will receive a salary increase in October.,2,neutral,controlplane-nli-v1-train-b001-f013,internal_assistant,medium,human resources
controlplane-nli-v1-train-b004-000025,"The standard appliance warranty covers the full cost of replacement parts and labor for mechanical failures for two years. However, if a mechanical failure is caused by user negligence or water damage, the warranty only covers the cost of parts, and the customer must pay for labor. Customer Alice's blender suffered a mechanical motor failure due to accidental water immersion during its first year of use.",Alice is responsible for paying the labor costs to repair her blender.,1,entailment,controlplane-nli-v1-train-b004-f007,customer_support,hard,Appliance Warranty
controlplane-nli-v1-train-b001-000047,"The Orchard Vale travel policy distinguishes hotel-rate approval from conference-fee approval. Domestic hotel rates above $220 per night require a director, while lower or equal rates can go to a team manager. The policy excerpt does not state a maximum number of hotel nights.",Domestic trips are limited to five hotel nights under the policy.,2,neutral,controlplane-nli-v1-train-b001-f012,internal_assistant,medium,internal policies
controlplane-nli-v1-train-b005-000073,Synthetic benefits file BA-404 names Julia Grant as the applicant and Nolan Grant as her authorized representative. Nolan submitted the supporting forms on Julia's behalf. The administrative notice is addressed to Julia because she is the applicant; Nolan's authority is limited to representation and submission assistance.,Julia Grant is the applicant in benefits file BA-404.,1,entailment,controlplane-nli-v1-train-b005-f019,regulated_decision_support,easy,benefits administration
controlplane-nli-v1-train-b006-000054,"Project Gamma requires coding 400 modules. By the end of sprint 1, 120 modules were completed. In sprint 2, the team finished another 80 modules. The remaining modules are scheduled for sprint 3.","By the end of sprint 2, the team had completed 60% of the required modules.",0,contradiction,controlplane-nli-v1-train-b006-f014,internal_assistant,medium,project_management
controlplane-nli-v1-train-b005-000019,"Vireo Mobile sold VM-882, while Vireo Assist later responded to the buyer as a shared support function acting for that subsidiary. Vireo Home did not participate in the transaction. The file does not disclose how many employees work in Vireo Assist or where that team is physically located.",Vireo Assist employs 40 support specialists.,2,neutral,controlplane-nli-v1-train-b005-f005,customer_support,medium,shared services
controlplane-nli-v1-train-b005-000051,DPA-77 identifies Stonepath Analytics Ltd. as vendor and Stonepath Group as its parent. A group relationship manager coordinated discussions for the subsidiary. The file does not state what percentage of Stonepath Analytics is owned by Stonepath Group or whether any other shareholders exist.,Stonepath Group owns exactly 80 percent of Stonepath Analytics Ltd.,2,neutral,controlplane-nli-v1-train-b005-f013,internal_assistant,medium,vendor management
controlplane-nli-v1-train-b001-000011,LumenPeak Bank completed an address update for profile C-882 on 2026-07-12. The file identifies Nira Patel as the verifying agent and says the prior address was retained in history. A replacement card request was logged on 2026-07-15. The record does not state whether paper statements were enabled or disabled.,Profile C-882 receives all account statements only in paper form.,2,neutral,controlplane-nli-v1-train-b001-f003,customer_support,medium,account servicing
controlplane-nli-v1-train-b003-000014,Parcel PZ-5590 was handed off from courier DashLine to regional hub Bexley at 14:20 on Tuesday. The hub scanned the parcel into the sorting facility at 14:32 and released it to last-mile courier QuickHop at 16:05 the same day. QuickHop confirmed delivery to the recipient at 17:48.,DashLine delivered the parcel directly to the recipient without involving any other courier.,0,contradiction,controlplane-nli-v1-train-b003-f004,customer_support,easy,shipment_custody
controlplane-nli-v1-train-b005-000007,"AS-271 lists Mira Solis as owner and Milo Solis as an authorized contact. Milo requested a password reset, which the agent completed without changing ownership. The record does not explain why Mira granted Milo contact authority or describe any family relationship between the two people.",Mira Solis appointed Milo Solis because he is her brother.,2,neutral,controlplane-nli-v1-train-b005-f002,customer_support,easy,account servicing
controlplane-nli-v1-train-b002-000032,"For SecureArchive, TerraNote requires Pro storage, an R2 or R3 account region, and desktop client version at least 8.4. TN-318 has Pro storage, region R3, and desktop client 8.6. The eligibility engine consequently exposes the SecureArchive activation control for the workspace.",TN-318's desktop client meets the minimum SecureArchive version requirement.,1,entailment,controlplane-nli-v1-train-b002-f008,customer_support,hard,service eligibility
controlplane-nli-v1-train-b005-000028,"Pulse Basic became Pulse Start after a naming change, while Pulse Growth remained a distinct higher-tier plan. PX-73 later moved from Start to Growth. Thus, when the June note calls Start the former plan, it is referring to the renamed continuation of Pulse Basic rather than to Growth.",Pulse Basic and Pulse Start are two names for the same plan lineage.,1,entailment,controlplane-nli-v1-train-b005-f007,customer_support,medium,subscription servicing
controlplane-nli-v1-train-b001-000078,"Synthetic claim CL-711 at Maple Strand Assurance was reported on 2026-08-06 while the listed coverage remained active through 2026-12-31. Document review is complete, but the claim itself is still in assessment and no payment has been approved. A $3,800 contractor estimate is attached, and that estimate is not a payment decision.","Maple Strand approved a $3,800 claim payment for CL-711.",0,contradiction,controlplane-nli-v1-train-b001-f020,regulated_decision_support,easy,insurance
controlplane-nli-v1-train-b003-000080,"The HVAC system at the Bellview office is scheduled for a maintenance window every Sunday from 22:00 to 02:00. Last Sunday's session began on time but ran long, ending at 03:15 due to a compressor issue requiring extra diagnostics. No tenant complaints were logged during or after the extended window.",At least one tenant complaint was filed because of the extended maintenance window.,0,contradiction,controlplane-nli-v1-train-b003-f020,customer_support,easy,maintenance_windows
controlplane-nli-v1-train-b004-000021,"The ""Early Bird"" discount applies a 20% price reduction to orders up to and including $500. For orders strictly greater than $500, a flat $100 discount is applied instead of the percentage. The discount is calculated based on the pre-tax total. Customer John places an order with a pre-tax total of exactly $500.",John's order qualifies for the 20% price reduction rather than the flat discount.,1,entailment,controlplane-nli-v1-train-b004-f006,customer_support,hard,Sales & Discounts
controlplane-nli-v1-train-b003-000073,Vendor Kestrel Supply's warehouse in Dallas reported zero backorders for item SKU-8842 as of 1 June. A separate Kestrel Supply facility in Reno reported the same SKU with 40 units on backorder as of the same date. Orders routed through the central procurement system default to whichever facility has the shorter transit time to the requesting site.,The Reno facility had backordered units of SKU-8842 as of 1 June.,1,entailment,controlplane-nli-v1-train-b003-f019,regulated_decision_support,hard,two_vendor_locations
controlplane-nli-v1-train-b004-000069,"A preliminary soft credit check may result in a ""pre-approved"" status for an auto loan. However, final loan approval is strictly contingent on a hard credit inquiry and manual income verification by an underwriter. Customer Emily received a pre-approved status letter in the mail, but has not yet submitted her income documents to an underwriter.",Emily's auto loan has not yet been granted final approval.,1,entailment,controlplane-nli-v1-train-b004-f018,regulated_decision_support,easy,Consumer Lending
controlplane-nli-v1-train-b005-000021,"In escalation EC-94, frontline agent Nira Dey recommended giving the customer a one-month service extension. Her supervisor, Colin Voss, recorded the recommendation but did not approve or reject it during the call. The case status remains pending supervisor decision. A callback was scheduled separately for the next business day.",Nira Dey recommended a one-month service extension for the customer.,1,entailment,controlplane-nli-v1-train-b005-f006,customer_support,medium,service escalation
controlplane-nli-v1-train-b002-000088,"Record HW-603 passed Hearthline Works' dependent-care eligibility check. Avery Cole is listed as age 9 on the coverage date, and the October 4 enrollment followed a September 20 qualifying event. The file does not state whether the employee will change the elected contribution amount during the next open enrollment.",The employee will increase the dependent-care contribution at the next open enrollment.,2,neutral,controlplane-nli-v1-train-b002-f022,regulated_decision_support,medium,employee benefits
controlplane-nli-v1-train-b002-000019,Nimbus Parcel records show NP-883 was placed in Locker 14 on August 2 at 10:20 and remained uncollected through the 72-hour hold. A return-cage transfer followed at 10:47 on August 5. The tracking history stops at that transfer and does not record which outbound depot later handled the parcel.,The returned NP-883 parcel was routed through Nimbus Parcel's East Depot.,2,neutral,controlplane-nli-v1-train-b002-f005,customer_support,easy,delivery status
controlplane-nli-v1-train-b004-000067,"Staff members may use corporate cards for client dinners, but they must submit itemized receipts to the accounting portal within 14 days of the transaction. Use of the corporate card is entirely optional. Staff who fail to submit receipts within 14 days are required to reimburse the company from their personal funds. Employee Kevin used his corporate card for a client dinner 18 days ago and has not submitted a receipt.",Kevin spent exactly $150 on his client dinner.,2,neutral,controlplane-nli-v1-train-b004-f017,internal_assistant,hard,Travel & Expenses
controlplane-nli-v1-train-b005-000041,"Lena Wu served as Operations Manager through April 30. Effective May 1, she moved into the role of Program Lead, and Omar Vale became the new Operations Manager. The June directory lists Lena as Program Lead and Omar as Operations Manager. Lena's former title remains visible in the employment history.",Lena Wu's current role in June is Program Lead.,1,entailment,controlplane-nli-v1-train-b005-f011,internal_assistant,easy,human resources
controlplane-nli-v1-train-b005-000009,ArborSound sells two similarly named players: the EchoMini X5 and the EchoMini X5 Pro. Accessory sheet AC-18 states that dock D20 fits the X5 Pro only and is not compatible with the standard X5. Customer case ES-61 identifies the customer's device as an EchoMini X5 without the Pro designation.,Dock D20 is not compatible with the customer's EchoMini X5 in case ES-61.,1,entailment,controlplane-nli-v1-train-b005-f003,customer_support,easy,product compatibility
controlplane-nli-v1-train-b005-000002,Invoice NC-440 displays Northbridge Connect at the top and instructs customers to remit payment to Northbridge Communications LLC. An account note states that Northbridge Connect is only the trade name used by Northbridge Communications LLC for customer-facing services. No separate supplier relationship exists between those two names for this account.,Northbridge Connect and Northbridge Communications LLC are separate suppliers on account NC-440.,0,contradiction,controlplane-nli-v1-train-b005-f001,customer_support,easy,billing support
controlplane-nli-v1-train-b005-000030,"Adrian Bell is the owner of FA-118, and Adrian K. Bell is the authorized user listed second in the account summary. The service note states that the elder Bell requested removal of the latter's tablet. Support removed that device but left the ownership field unchanged.","Adrian K. Bell, the authorized user, requested removal of the primary owner's tablet.",0,contradiction,controlplane-nli-v1-train-b005-f008,customer_support,hard,shared account servicing
controlplane-nli-v1-train-b002-000001,"Crescent Vale Electronics logged order CV-418 for a monitor at $640 on April 3. Its price-protection policy allows a credit when an identical item is advertised for less within 14 calendar days of purchase. A verified competitor listing showed the same model at $590 on April 12, and the support ledger records a $50 price-protection credit as approved. The customer also asked whether shipping charges could be adjusted, but no decision on shipping appears in the case.",Crescent Vale Electronics approved a $50 price-protection credit for order CV-418.,1,entailment,controlplane-nli-v1-train-b002-f001,customer_support,easy,refunds
controlplane-nli-v1-train-b004-000038,"Onboarding a new software vendor requires both a completed IT security assessment and approval from the department director. If the annual contract exceeds $20,000, final authorization from the CFO is also required. Vendor CloudSync has passed the IT security assessment and received director approval for a $15,000 annual contract.",CloudSync requires final authorization from the CFO prior to onboarding.,0,contradiction,controlplane-nli-v1-train-b004-f010,internal_assistant,easy,Vendor Management
controlplane-nli-v1-train-b003-000092,"Store location ST-201 in Millfield reported a POS terminal outage lasting from 09:00 to 09:40 on 12 August, affecting card payments only. A separate outage at store ST-204 in Millfield South, on the same day, affected both card and cash-drawer systems from 09:15 to 10:30. Regional IT confirmed the two outages had unrelated causes.",The ST-201 outage affected the store's cash-drawer systems as well as card payments.,0,contradiction,controlplane-nli-v1-train-b003-f023,customer_support,hard,two_similar_tickets_locations
controlplane-nli-v1-train-b001-000082,"Synthetic authorization AU-330 at Riverbend Care Network was received on 2026-08-10. Its administrative checklist was finished the next day, while the file remains queued for clinical review. No medical necessity decision or appointment date appears in the record.",AU-330 received a medical necessity approval on 2026-08-11.,0,contradiction,controlplane-nli-v1-train-b001-f021,regulated_decision_support,medium,healthcare administration
controlplane-nli-v1-train-b001-000081,"Riverbend Care Network's synthetic authorization file AU-330 concerns an imaging request. The request was received on 2026-08-10, and the administrative checklist was completed on 2026-08-11. The file status is 'clinical review queued.' It does not contain a medical necessity decision, an appointment date, or treatment advice.",The administrative checklist for AU-330 was completed on 2026-08-11.,1,entailment,controlplane-nli-v1-train-b001-f021,regulated_decision_support,medium,healthcare administration
controlplane-nli-v1-train-b004-000029,Purchases made before September 30 have a 30-day return window. A new policy taking effect on October 1 extends the return window to 60 days for all items purchased on or after that date. Items purchased in September do not retroactively gain the 60-day window. Customer Brian purchased a headset on September 28.,Brian is subject to a 30-day return window for his headset.,1,entailment,controlplane-nli-v1-train-b004-f008,customer_support,hard,Returns Policy
controlplane-nli-v1-train-b006-000008,"Order #441 was placed on April 10. Standard shipping takes 5 business days, and expedited shipping takes 2 business days. The customer chose expedited shipping. The warehouse requires 1 calendar day to process all orders before they ship.",Expedited shipping for Order #441 is defined as taking 2 business days in transit.,1,entailment,controlplane-nli-v1-train-b006-f002,customer_support,easy,retail
controlplane-nli-v1-train-b003-000097,"Substation SS-6 experienced a fault at 04:12 that tripped breaker B-3, cutting power to the north grid segment. Crews restored partial power at 05:50 by rerouting through backup breaker B-3A, and full restoration to all affected customers was logged at 07:15. A separate, unrelated fault at substation SS-9 was resolved at 06:00 the same morning.",Full power restoration at SS-6 took under 3 hours from the initial fault.,1,entailment,controlplane-nli-v1-train-b003-f025,regulated_decision_support,hard,incident_timeline_multi
controlplane-nli-v1-train-b001-000060,"Ardent Freight and Brindle Logistics are both listed in Kestrel Point's vendor review. Ardent scores 96% for on-time delivery, versus 93% for Brindle, although Brindle's quality score is 9.1 compared with Ardent's 8.7. The recommendation favors Ardent for one year.",Ardent Freight also has the higher quality score of the two vendors.,0,contradiction,controlplane-nli-v1-train-b001-f015,internal_assistant,medium,vendor management
controlplane-nli-v1-train-b005-000098,"ER-508 distinguishes Maple Clinic, the applicant, from Orchid Labs, the sponsor. Sena Kim's note says the sponsor told the applicant that the latter must supply the missing attestation, and the note explicitly resolves latter to Maple Clinic. The sponsor is not identified as the party required to provide that document.",Orchid Labs is the entity required to provide the missing attestation.,0,contradiction,controlplane-nli-v1-train-b005-f025,regulated_decision_support,hard,administrative eligibility review
controlplane-nli-v1-train-b005-000044,"The role transition record says Lena Wu left the Operations Manager post and Omar Vale took it over on May 1. Lena became Program Lead. Therefore the former Operations Manager in the June context is Lena, while the current Operations Manager is Omar.","Omar Vale is the former, rather than current, Operations Manager in June.",0,contradiction,controlplane-nli-v1-train-b005-f011,internal_assistant,easy,human resources
controlplane-nli-v1-train-b002-000040,"Falconridge Components requires a valid security certificate for any FR-902 bidder to proceed to commercial ranking. Cedar Metric passed the certificate gate, while its recorded weighted score was 87.2. The sourcing committee placed it on the shortlist only; the award meeting remains pending.",Cedar Metric failed the mandatory security-certificate gate for FR-902.,0,contradiction,controlplane-nli-v1-train-b002-f010,internal_assistant,medium,procurement
controlplane-nli-v1-train-b001-000046,"Orchard Vale sets a $220 nightly threshold for domestic hotels. A team manager may approve rates at or below that amount, while rates above it require director approval. Conference registration fees use another route. Exceptions may be requested but are not automatically granted.",A team manager may approve a $245 domestic hotel rate without any higher approval.,0,contradiction,controlplane-nli-v1-train-b001-f012,internal_assistant,medium,internal policies
controlplane-nli-v1-train-b002-000039,Falconridge Components' FR-902 evaluation notes show that Cedar Metric passed the security-certificate gate and entered commercial ranking with a weighted score of 87.2. It was added to the shortlist. The notes do not identify which shortlisted supplier will be invited to negotiate first.,Cedar Metric will be the first shortlisted supplier invited to negotiate.,2,neutral,controlplane-nli-v1-train-b002-f010,internal_assistant,medium,procurement
controlplane-nli-v1-train-b002-000086,"Under Hearthline Works' synthetic rule, dependent-care enrollment requires a listed dependent under age 13 and submission within 30 days of the qualifying event. Avery Cole is listed in HW-603 and is age 9 on the October 1 coverage date. The event was September 20 and enrollment was submitted October 4, so the eligibility check passed.",HW-603 was submitted too late because enrollment occurred more than 30 days after September 20.,0,contradiction,controlplane-nli-v1-train-b002-f022,regulated_decision_support,medium,employee benefits
controlplane-nli-v1-train-b005-000020,"Within Vireo Devices Group, Vireo Mobile and Vireo Home are separate subsidiaries. Order VM-882 was sold by the former. Vireo Assist, a shared support unit, answered the customer's inquiry for that seller, while Vireo Home had no role in the case.",The former subsidiary in the premise is Vireo Mobile Ltd.,1,entailment,controlplane-nli-v1-train-b005-f005,customer_support,medium,shared services
controlplane-nli-v1-train-b004-000091,"The standard homeowner's insurance policy covers interior structural damage caused by wind-driven rain if the wind first breaches the building envelope, such as breaking a window. However, the policy strictly excludes interior damage caused by rising floodwaters or groundwater seepage. A hurricane broke a window in the Smith residence, allowing wind-driven rain to ruin the living room drywall.","The cost to replace the living room drywall in the Smith residence is estimated at $2,500.",2,neutral,controlplane-nli-v1-train-b004-f023,regulated_decision_support,medium,Insurance Claims
controlplane-nli-v1-train-b001-000010,"Customer profile C-882 at LumenPeak Bank shows an address update completed on 2026-07-12. Nira Patel verified the new address and activated it for correspondence, while the previous address remained historical only. Three days later, a separate debit-card replacement request was opened. The card request did not alter the address status.",The previous address remained the active correspondence address after 2026-07-12.,0,contradiction,controlplane-nli-v1-train-b001-f003,customer_support,medium,account servicing
controlplane-nli-v1-train-b003-000099,"Substation SS-6 experienced a fault at 04:12 that tripped breaker B-3, cutting power to the north grid segment. Crews restored partial power at 05:50 by rerouting through backup breaker B-3A, and full restoration to all affected customers was logged at 07:15. A separate, unrelated fault at substation SS-9 was resolved at 06:00 the same morning.",The fault at SS-6 was caused by a lightning strike on the transmission line.,2,neutral,controlplane-nli-v1-train-b003-f025,regulated_decision_support,hard,incident_timeline_multi
controlplane-nli-v1-train-b002-000098,"For synthetic sample AG-9, Juniper Gate Audit Group's draft counted two exceptions in 40 records. Quality review added a third exception and replaced the draft with a final worksheet showing 3 of 40, or 7.5%. AP-12 sets the tolerance threshold at 5%.",The authoritative final AG-9 worksheet reports an exception rate of 5%.,0,contradiction,controlplane-nli-v1-train-b002-f025,regulated_decision_support,hard,audit findings
controlplane-nli-v1-train-b004-000063,"The software deployment protocol dictates that all five senior developers on the core team must sign off on the final code review before a major release can be pushed to production. If even one senior developer rejects the review, the release is blocked. Four senior developers have signed off on the 2.0 release, while the fifth is currently reviewing it.",The fifth senior developer will finish their code review before the end of the day.,2,neutral,controlplane-nli-v1-train-b004-f016,internal_assistant,hard,Software Engineering
controlplane-nli-v1-train-b001-000001,Asterline Retail opened refund case RF-204 for a damaged desk lamp. The service log says the refund was approved for $86.40 on 2026-08-04. The customer chose the original payment method rather than store credit. A warehouse note separately records that the returned lamp reached Dock 3 on 2026-08-02.,Asterline Retail approved an $86.40 refund for case RF-204.,1,entailment,controlplane-nli-v1-train-b001-f001,customer_support,easy,refunds
controlplane-nli-v1-train-b004-000028,"The standard appliance warranty covers the full cost of replacement parts and labor for mechanical failures for two years. However, if a mechanical failure is caused by user negligence or water damage, the warranty only covers the cost of parts, and the customer must pay for labor. Customer Alice's blender suffered a mechanical motor failure due to accidental water immersion during its first year of use.",The warranty will still cover the cost of the replacement parts needed for Alice's motor repair.,1,entailment,controlplane-nli-v1-train-b004-f007,customer_support,hard,Appliance Warranty
controlplane-nli-v1-train-b004-000033,Digital movie rentals can be refunded if the viewer has watched less than 15% of the total runtime and the request is made within 48 hours of purchase. User Elena rented a 120-minute movie yesterday and watched 20 minutes of it before requesting a refund today.,Elena is not eligible for a refund because she watched more than 15% of the movie.,1,entailment,controlplane-nli-v1-train-b004-f009,customer_support,medium,Digital Media
controlplane-nli-v1-train-b001-000099,"Narrowgate's RS-8 evidence conflicts for control C-12: the operations log records a pass on 2026-08-01, whereas the audit worksheet records a failure on the same date. The review file does not identify either source as authoritative. C-13 is marked passed in both documents.",Control C-12 passed the 2026-08-01 test.,2,neutral,controlplane-nli-v1-train-b001-f025,regulated_decision_support,hard,risk review
controlplane-nli-v1-train-b003-000032,"The build cluster has a total capacity of 200 vCPUs. Team Atlas currently has 75 vCPUs allocated, and team Orion has 60 vCPUs allocated. A pending request from team Lyra for 50 vCPUs has not yet been approved. Capacity planning notes indicate that any remaining unallocated vCPUs are held in reserve for emergency scaling.","If team Lyra's pending request were approved in full, the cluster would exceed its total capacity.",0,contradiction,controlplane-nli-v1-train-b003-f008,internal_assistant,medium,resource_capacity
controlplane-nli-v1-train-b005-000012,"Dock D20 supports exactly one of the two EchoMini variants listed in ArborSound sheet AC-18: the X5 Pro. The standard X5 is marked incompatible. Case ES-61 names the customer's model as EchoMini X5, so it is the unsupported variant rather than the similarly named Pro model.",Exactly one of the two listed EchoMini variants is compatible with dock D20.,1,entailment,controlplane-nli-v1-train-b005-f003,customer_support,easy,product compatibility
controlplane-nli-v1-train-b006-000066,"Server rack Alpha has a maximum power capacity of 5,000W. Currently, 3 standard servers are installed, drawing 800W each. An additional high-performance server drawing 1,500W is scheduled for installation tomorrow. A safety buffer of 500W must remain unused at all times.","The current power draw before the new installation is 3,000W.",0,contradiction,controlplane-nli-v1-train-b006-f017,internal_assistant,hard,it_support
controlplane-nli-v1-train-b005-000072,AR-61 has an outstanding deletion request and a completed metadata export. Those are distinct actions in the records workflow. The excerpt contains no statement about whether the exported metadata will later be attached to an audit package or discarded after deletion authorization arrives.,The metadata export will be attached to the next audit package.,2,neutral,controlplane-nli-v1-train-b005-f018,internal_assistant,hard,records administration
controlplane-nli-v1-train-b004-000076,"Administrative pre-authorization for elective physical therapy is valid for exactly 30 days from the date of approval. If the first therapy session does not occur within this 30-day window, the authorization expires and a new clinical review must be submitted. Patient Robert received pre-authorization on April 1 and attended his first therapy session on May 15.",Robert submitted a new clinical review on May 16.,2,neutral,controlplane-nli-v1-train-b004-f019,regulated_decision_support,easy,Healthcare Admin
controlplane-nli-v1-train-b002-000081,"Cedar Vale Health Administration uses a synthetic physical-therapy authorization rule requiring an active referral on the requested start date and allowing at most six visits per authorization block. Case CVH-72 has a referral valid from February 1 through March 31. The request seeks four visits beginning March 10, and the utilization log shows no visits already charged to this block. The administrative request is marked eligible for review.",The four-visit request in CVH-72 fits within the six-visit authorization limit.,1,entailment,controlplane-nli-v1-train-b002-f021,regulated_decision_support,medium,healthcare administration
controlplane-nli-v1-train-b001-000071,The Redwood Axis excerpt requires hardware-backed authentication for privileged administrator accounts and allows standard analysts a choice between hardware-backed authentication and an approved app token. It contains no rule for temporary vendor accounts. Another appendix is referenced but not included.,Temporary vendor accounts must use hardware-backed authentication.,2,neutral,controlplane-nli-v1-train-b001-f018,internal_assistant,hard,internal policies
controlplane-nli-v1-train-b004-000016,"Silver members receive standard ground shipping on all orders. Gold members receive free expedited shipping. Platinum members receive free expedited shipping and a 10% discount on cart totals over $100. However, the 10% discount cannot be combined with promotional clearance items. Customer David is a Platinum member purchasing a $120 jacket on clearance.",David qualifies for expedited shipping at no additional cost due to his tier status.,1,entailment,controlplane-nli-v1-train-b004-f004,customer_support,medium,E-commerce
controlplane-nli-v1-train-b002-000008,"Under Oriole Grid Cloud's OG-77 contract, 800,000 monthly API calls are included and subsequent calls up to 1,300,000 cost $0.002 each. June metering shows 1,200,000 calls. The invoice worksheet records 400,000 billable overage calls, producing an $800 usage charge. The support add-on on the same invoice is $120.",The documented June API overage charge for OG-77 is $800.,1,entailment,controlplane-nli-v1-train-b002-f002,customer_support,hard,invoice disputes
controlplane-nli-v1-train-b004-000013,"Silver members receive standard ground shipping on all orders. Gold members receive free expedited shipping. Platinum members receive free expedited shipping and a 10% discount on cart totals over $100. However, the 10% discount cannot be combined with promotional clearance items. Customer David is a Platinum member purchasing a $120 jacket on clearance.",David receives free expedited shipping but is denied the 10% discount on his jacket.,1,entailment,controlplane-nli-v1-train-b004-f004,customer_support,medium,E-commerce
controlplane-nli-v1-train-b006-000015,"Subscription Plan Alpha costs $40 monthly and includes 500 API calls. Any additional calls are billed at $0.10 per call. In November, user UID-770 made 650 API calls. The user also has a flat $5 monthly discount applied to their total bill.",User UID-770 will upgrade to a plan with 1000 API calls in December.,2,neutral,controlplane-nli-v1-train-b006-f004,customer_support,medium,saas
controlplane-nli-v1-train-b001-000002,"For refund case RF-204, Asterline Retail recorded a damaged desk lamp and an approval dated 2026-08-04. The approved amount is $86.40, and the selected destination is the original payment method. The return arrived at Dock 3 two days earlier. The case notes do not mention any replacement shipment.",The approved refund for RF-204 was $68.40.,0,contradiction,controlplane-nli-v1-train-b001-f001,customer_support,easy,refunds
controlplane-nli-v1-train-b006-000052,"Warehouse 4 has a total storage capacity of 10,000 pallets. Currently, 6,200 pallets are occupied by electronics, and 1,800 pallets are occupied by apparel. An incoming shipment of 1,500 pallets of toys is scheduled for tomorrow.","Warehouse 4 currently has 8,000 pallets occupied.",1,entailment,controlplane-nli-v1-train-b006-f013,internal_assistant,medium,logistics
controlplane-nli-v1-train-b001-000097,"Narrowgate Audit Services' synthetic review of control set RS-8 contains two evidence sources. The operations log says control C-12 passed on 2026-08-01, while the later audit worksheet says C-12 failed on the same test date. The file provides no rule that gives either source priority. Control C-13 is consistently marked passed in both sources.",Control C-13 is recorded as passed in both evidence sources.,1,entailment,controlplane-nli-v1-train-b001-f025,regulated_decision_support,hard,risk review
controlplane-nli-v1-train-b003-000071,"The Q3 network upgrade for branch office BR-12 was scheduled for completion by 30 September. Project tracking shows the cabling phase finished on 12 September, but the switch configuration phase, originally planned for 20 September, was delayed and completed on 4 October instead. No other phases were affected.",The delay in the switch configuration phase was caused by a shipping issue with hardware components.,2,neutral,controlplane-nli-v1-train-b003-f018,internal_assistant,medium,scheduled_vs_completed
controlplane-nli-v1-train-b006-000016,"Subscription Plan Alpha costs $40 monthly and includes 500 API calls. Any additional calls are billed at $0.10 per call. In November, user UID-770 made 650 API calls. The user also has a flat $5 monthly discount applied to their total bill.",User UID-770 exceeded the included API call limit by 150 calls in November.,1,entailment,controlplane-nli-v1-train-b006-f004,customer_support,medium,saas
controlplane-nli-v1-train-b006-000091,"Aircraft tail N445 has accumulated 3,200 flight hours. A mandatory engine inspection is required every 1,500 flight hours. The last inspection was completed when the aircraft had logged exactly 1,450 flight hours.",The aircraft is grounded pending a special review by the aviation authority.,2,neutral,controlplane-nli-v1-train-b006-f023,regulated_decision_support,medium,aviation
controlplane-nli-v1-train-b006-000044,"The marketing budget for Q3 is $50,000. $20,000 is allocated to social media ads, and $15,000 is allocated to email campaigns. The rest is reserved for event sponsorships. At the end of July, $8,000 had been spent on social media ads.","There is $12,000 remaining in the social media ads budget at the end of July.",1,entailment,controlplane-nli-v1-train-b006-f011,internal_assistant,easy,finance
controlplane-nli-v1-train-b004-000089,"The standard homeowner's insurance policy covers interior structural damage caused by wind-driven rain if the wind first breaches the building envelope, such as breaking a window. However, the policy strictly excludes interior damage caused by rising floodwaters or groundwater seepage. A hurricane broke a window in the Smith residence, allowing wind-driven rain to ruin the living room drywall.",The ruined drywall in the Smith residence is covered under their homeowner's insurance.,1,entailment,controlplane-nli-v1-train-b004-f023,regulated_decision_support,medium,Insurance Claims
controlplane-nli-v1-train-b005-000077,"In synthetic review ARV-90, analyst Priya Cole recommends approval after completing the initial assessment. Her recommendation is forwarded to the Review Board, which alone issues the final administrative decision. The board has not yet voted, and the case status reads recommendation submitted.",Priya Cole recommended approval in review ARV-90.,1,entailment,controlplane-nli-v1-train-b005-f020,regulated_decision_support,easy,administrative review
controlplane-nli-v1-train-b006-000021,"Guest reservation 11-A was originally booked for 4 nights at $150 per night. On the second day, the guest extended the stay by 2 nights at a discounted rate of $100 per night. The guest also accumulated $45 in room service charges.","The total amount billed for the entire stay, including room service, is $845.",1,entailment,controlplane-nli-v1-train-b006-f006,customer_support,medium,hospitality
controlplane-nli-v1-train-b001-000075,"Cobalt Shore Credit records $6,200 verified monthly income and a $1,450 requested payment for synthetic application LN-205. The exercise rule sets the secondary-review trigger above $1,600, so the file marks no secondary review. It does not record a final approval or rejection.",Cobalt Shore approved the synthetic lending application LN-205.,2,neutral,controlplane-nli-v1-train-b001-f019,regulated_decision_support,easy,lending
controlplane-nli-v1-train-b001-000006,"Invoice INV-771 for Crestwell Studio was reviewed by Blue Harbor Office Systems. The disputed setup charge was $240, and the final adjustment removed that charge completely. After the adjustment, $1,160 remains payable by 2026-08-18. The quarterly support-plan renewal is listed on another line item.",Blue Harbor left the $240 setup fee on invoice INV-771.,0,contradiction,controlplane-nli-v1-train-b001-f002,customer_support,easy,invoice disputes
controlplane-nli-v1-train-b004-000040,"Onboarding a new software vendor requires both a completed IT security assessment and approval from the department director. If the annual contract exceeds $20,000, final authorization from the CFO is also required. Vendor CloudSync has passed the IT security assessment and received director approval for a $15,000 annual contract.",CloudSync lacks the department director approval needed for onboarding.,0,contradiction,controlplane-nli-v1-train-b004-f010,internal_assistant,easy,Vendor Management
controlplane-nli-v1-train-b002-000049,Larchmont Bio has two employees named Jordan Lee. Jordan Lee in Quality Assurance has employee key JL-204 and is assigned to the Riverside site; Jordan Lee in Finance has key JL-771 and is assigned to the Harbor site. The June mobility request references JL-204 and approves a temporary move to the Summit site from July 8 through August 2. JL-771 has no mobility request in the June file.,The temporary Summit assignment was approved for the Jordan Lee with employee key JL-204.,1,entailment,controlplane-nli-v1-train-b002-f013,internal_assistant,hard,human resources
controlplane-nli-v1-train-b004-000027,"The standard appliance warranty covers the full cost of replacement parts and labor for mechanical failures for two years. However, if a mechanical failure is caused by user negligence or water damage, the warranty only covers the cost of parts, and the customer must pay for labor. Customer Alice's blender suffered a mechanical motor failure due to accidental water immersion during its first year of use.",The authorized service center charges $45 per hour for appliance labor.,2,neutral,controlplane-nli-v1-train-b004-f007,customer_support,hard,Appliance Warranty
controlplane-nli-v1-train-b003-000088,"Facility badge system logs show contractor badge CB-410 is provisioned for level-1 access, covering common areas and the loading dock only. An access attempt at the server room door using CB-410 was logged as denied at 14:12 on 6 August. Server room access requires level-3 clearance under facility policy.",Badge CB-410 is authorized to access the loading dock.,1,entailment,controlplane-nli-v1-train-b003-f022,regulated_decision_support,medium,authorization_levels
controlplane-nli-v1-train-b005-000078,"ARV-90 contains an approval recommendation from analyst Priya Cole. The Review Board, not Priya, holds final decision authority. No vote has occurred yet, and the system shows the case as awaiting board action.",The Review Board has already issued final approval for ARV-90.,0,contradiction,controlplane-nli-v1-train-b005-f020,regulated_decision_support,easy,administrative review
controlplane-nli-v1-train-b003-000036,"Policy document DOC-220 revision C was published on 1 February and marked as the authoritative version. Revision D, drafted on 15 February, was circulated for internal comment but was withdrawn on 22 February after reviewers flagged inconsistencies. No further revision has since been published, and revision C remains listed as current in the document registry.",Revision D was drafted before it was withdrawn.,1,entailment,controlplane-nli-v1-train-b003-f009,regulated_decision_support,hard,document_versioning
controlplane-nli-v1-train-b003-000038,Employee Meera Nair completed the forklift safety certification course on 10 January 2025. The certification is valid for 18 months from the completion date. HR records show no renewal has been filed as of the most recent audit on 5 July 2026.,Meera Nair renewed her forklift certification before the July 2026 audit.,0,contradiction,controlplane-nli-v1-train-b003-f010,internal_assistant,easy,training_certification
controlplane-nli-v1-train-b001-000049,Beacon Ridge Labs recorded employee transfer T-309 for Maren Holt. The transfer moves Maren from the Atlas team to the Cedar team effective 2026-09-01. Her job title remains Data Operations Specialist. A compensation review is scheduled for October but no salary change is recorded in the transfer form.,Maren Holt will move to the Cedar team on 2026-09-01.,1,entailment,controlplane-nli-v1-train-b001-f013,internal_assistant,medium,human resources
controlplane-nli-v1-train-b004-000062,"The software deployment protocol dictates that all five senior developers on the core team must sign off on the final code review before a major release can be pushed to production. If even one senior developer rejects the review, the release is blocked. Four senior developers have signed off on the 2.0 release, while the fifth is currently reviewing it.",The 2.0 release is cleared for production because a majority of the team has signed off.,0,contradiction,controlplane-nli-v1-train-b004-f016,internal_assistant,hard,Software Engineering
controlplane-nli-v1-train-b006-000080,"Bank Charter 9 requires an operating reserve of 10% on deposits up to $50 million, and 15% on any deposit amounts above $50 million. The bank currently holds exactly $70 million in deposits.",The bank intends to increase its total deposits to $80 million next quarter.,2,neutral,controlplane-nli-v1-train-b006-f020,regulated_decision_support,easy,banking
controlplane-nli-v1-train-b006-000051,"Warehouse 4 has a total storage capacity of 10,000 pallets. Currently, 6,200 pallets are occupied by electronics, and 1,800 pallets are occupied by apparel. An incoming shipment of 1,500 pallets of toys is scheduled for tomorrow.","The 1,500 pallets of toys are arriving from an overseas supplier.",2,neutral,controlplane-nli-v1-train-b006-f013,internal_assistant,medium,logistics
controlplane-nli-v1-train-b006-000014,"Subscription Plan Alpha costs $40 monthly and includes 500 API calls. Any additional calls are billed at $0.10 per call. In November, user UID-770 made 650 API calls. The user also has a flat $5 monthly discount applied to their total bill.",User UID-770 will be charged $55 in total for November.,0,contradiction,controlplane-nli-v1-train-b006-f004,customer_support,medium,saas
controlplane-nli-v1-train-b001-000095,"Brightpath's synthetic Track R rule requires completion of Module A and Module B. P-44 has both completions, while P-45 has only Module A recorded. The file contains no enrollment decisions and does not say whether P-45 has a permitted waiver.",Applicant P-45 has no approved waiver for Module B.,2,neutral,controlplane-nli-v1-train-b001-f024,regulated_decision_support,hard,eligibility decisions
controlplane-nli-v1-train-b001-000073,"Cobalt Shore Credit's synthetic review file for application LN-205 lists verified monthly income of $6,200 and a requested payment of $1,450. The rule sheet used in this exercise says applications with payments above $1,600 require a secondary affordability review. LN-205 is marked as not requiring that secondary review. No final lending decision is recorded.",Application LN-205 does not require the secondary affordability review under the stated rule.,1,entailment,controlplane-nli-v1-train-b001-f019,regulated_decision_support,easy,lending
controlplane-nli-v1-train-b001-000041,Pinegate Systems logged incident IT-884 for an application outage. Monitoring shows service restored at 14:32 on 2026-08-22 after a configuration rollback. The incident was downgraded from severity 1 to severity 3 after recovery. A database capacity review is scheduled separately for the next week.,Service in incident IT-884 was restored at 14:32 on 2026-08-22.,1,entailment,controlplane-nli-v1-train-b001-f011,internal_assistant,easy,IT operations
controlplane-nli-v1-train-b001-000063,Juniper Arc approved €215 on ER-501 from a fully reimbursable €180 rail ticket and a meal subject to a €35 cap. The submitted meal receipt itself is €42. A taxi item is still under review. The file does not identify when the approved amount will be paid.,Juniper Arc will pay the €215 reimbursement on 2026-08-30.,2,neutral,controlplane-nli-v1-train-b001-f016,internal_assistant,hard,expense reimbursement
controlplane-nli-v1-train-b004-000009,"Cloud platform customers can claim a 10% monthly service credit if they experience an unscheduled outage lasting more than 4 consecutive hours. To qualify, the customer must report the outage via the support portal within 24 hours of its resolution. The Alpha server cluster experienced a 6-hour unscheduled outage on Tuesday. CorpNet uses the Alpha cluster and submitted a support ticket on Thursday, 48 hours after resolution.",CorpNet is not entitled to the 10% monthly service credit for the Tuesday outage.,1,entailment,controlplane-nli-v1-train-b004-f003,customer_support,medium,Cloud Infrastructure
controlplane-nli-v1-train-b004-000017,"The policy dated January 2023 stated that unredeemed store credits expire 12 months from issuance. A superseding policy issued in November 2023 mandates that store credits issued on or after December 1, 2023, never expire. Customer Maya received a $50 store credit on December 15, 2023.",Maya's $50 store credit is not subject to an expiration date.,1,entailment,controlplane-nli-v1-train-b004-f005,customer_support,medium,Retail Policies
controlplane-nli-v1-train-b001-000087,"Stonebridge Works records a $1,200 annual education allowance for E-17, with $750 already reimbursed and $450 left. A $500 course request is pending. The benefits file does not say whether the employee will reduce the request to fit the remaining balance.",The employee will reduce the pending course request to $450.,2,neutral,controlplane-nli-v1-train-b001-f022,regulated_decision_support,medium,employee benefits
controlplane-nli-v1-train-b005-000055,"Governance Office published CM-12, and Security Architecture authored Appendix B. The credits distinguish those roles. The file does not identify which individual employee inside Security Architecture drafted the appendix or how many contributors worked on it.",Engineer Lian Moss personally drafted Appendix B.,2,neutral,controlplane-nli-v1-train-b005-f014,internal_assistant,medium,compliance documentation
controlplane-nli-v1-train-b006-000012,The service technician for Ticket #992 is scheduled to arrive between 08:00 and 12:00 on October 15. Each repair session is estimated to take exactly 2 hours to complete once the technician arrives.,The scheduled arrival window for the technician spans 4 hours.,1,entailment,controlplane-nli-v1-train-b006-f003,customer_support,easy,field_services
controlplane-nli-v1-train-b003-000053,"A customer's water tank warranty claim states the tank holds 1,200 liters of capacity. The service technician's report, filed separately, records the tank's capacity as 1.2 cubic meters. Both documents were submitted as part of the same claim file, CF-663, without any noted discrepancy by the reviewing agent.",The two documents report the same tank capacity using different units.,1,entailment,controlplane-nli-v1-train-b003-f014,customer_support,easy,unit_conversion
controlplane-nli-v1-train-b004-000055,"To hire a new contractor, a manager must submit a requisition form. If the manager approves, the form moves to the Finance department for budget verification. A contractor cannot begin work until Finance grants final authorization. Manager Lisa approved a requisition for a new contractor on Monday. The form is currently in the Finance department's queue for review.",The Finance department will finish reviewing Lisa's requisition by Wednesday.,2,neutral,controlplane-nli-v1-train-b004-f014,internal_assistant,medium,Procurement
controlplane-nli-v1-train-b003-000068,"The support contract for client Halden Corp guarantees a response time of under 4 hours for priority-1 tickets. Ticket PR-8820, classified priority-1, was submitted at 13:00 and received its first agent response at 15:40. The ticket was fully resolved at 19:15 the same day.",The ticket took more than six hours from submission to full resolution.,1,entailment,controlplane-nli-v1-train-b003-f017,customer_support,easy,sla_response
controlplane-nli-v1-train-b004-000056,"To hire a new contractor, a manager must submit a requisition form. If the manager approves, the form moves to the Finance department for budget verification. A contractor cannot begin work until Finance grants final authorization. Manager Lisa approved a requisition for a new contractor on Monday. The form is currently in the Finance department's queue for review.",The new contractor can start work based strictly on Lisa's manager approval.,0,contradiction,controlplane-nli-v1-train-b004-f014,internal_assistant,medium,Procurement
controlplane-nli-v1-train-b002-000055,"Meadowrun Robotics reports that Ember's interface freeze finished September 3, integration testing ran from September 5 through September 18, and pilot deployment started September 21. The dependency rules were satisfied in this sequence. The report does not give a target date for full production release.",Project Ember's full production release is targeted for October 2.,2,neutral,controlplane-nli-v1-train-b002-f014,internal_assistant,medium,project reporting
controlplane-nli-v1-train-b004-000032,Purchases made before September 30 have a 30-day return window. A new policy taking effect on October 1 extends the return window to 60 days for all items purchased on or after that date. Items purchased in September do not retroactively gain the 60-day window. Customer Brian purchased a headset on September 28.,The new return policy taking effect on October 1 does not cover Brian's purchase.,1,entailment,controlplane-nli-v1-train-b004-f008,customer_support,hard,Returns Policy
controlplane-nli-v1-train-b006-000067,"Server rack Alpha has a maximum power capacity of 5,000W. Currently, 3 standard servers are installed, drawing 800W each. An additional high-performance server drawing 1,500W is scheduled for installation tomorrow. A safety buffer of 500W must remain unused at all times.",The high-performance server scheduled for tomorrow is designated for machine learning tasks.,2,neutral,controlplane-nli-v1-train-b006-f017,internal_assistant,hard,it_support
controlplane-nli-v1-train-b002-000043,Ironwood Data Fabric's certificate-rotation log shows C17 valid through June 30 and C18 valid from June 15 through December 31. The preferred-certificate flag switched to C18 on June 20. The log does not state which certificate a particular client with session ID S-440 actually presented on June 24.,Session S-440 presented certificate C18 on June 24.,2,neutral,controlplane-nli-v1-train-b002-f011,internal_assistant,hard,IT operations
controlplane-nli-v1-train-b006-000085,"Fund XYZ has total assets of $400 million. Regulatory guidelines mandate that at least 8% of total assets be held in highly liquid cash equivalents. Currently, the fund holds $25 million in cash and $5 million in Treasury bills, which both qualify as liquid.",Fund XYZ is currently short of the liquidity requirement by $2 million.,1,entailment,controlplane-nli-v1-train-b006-f022,regulated_decision_support,medium,finance
controlplane-nli-v1-train-b006-000026,"Account holder 55-TR initiated a wire transfer of 8,000 EUR on Tuesday at 14:00. The standard transfer fee is 1.5% of the total amount. Because the holder has Premium Status, the fee is reduced by 0.5 percentage points. The daily limit for outgoing transfers is 10,000 EUR.",The fee charged to the account holder is 120 EUR.,0,contradiction,controlplane-nli-v1-train-b006-f007,customer_support,hard,banking
controlplane-nli-v1-train-b001-000090,"The synthetic Aurora Field file SC-91 was received complete on 2026-07-30. It has an academic score of 84/100 and a community score of 18/20. Its status remains panel review pending, with no recorded award decision or funding amount.",SC-91 has already been awarded a scholarship.,0,contradiction,controlplane-nli-v1-train-b001-f023,regulated_decision_support,easy,scholarship review
controlplane-nli-v1-train-b003-000083,"Database migration job MJ-501 began extraction at 01:00, completed extraction at 01:45, began transformation at 01:50, and completed loading into the target system at 03:20. A validation script ran automatically at 03:25 and reported zero row-count mismatches between source and target.",The migration job was triggered by a scheduled nightly cron task.,2,neutral,controlplane-nli-v1-train-b003-f021,internal_assistant,hard,event_ordering_multi
controlplane-nli-v1-train-b004-000090,"The standard homeowner's insurance policy covers interior structural damage caused by wind-driven rain if the wind first breaches the building envelope, such as breaking a window. However, the policy strictly excludes interior damage caused by rising floodwaters or groundwater seepage. A hurricane broke a window in the Smith residence, allowing wind-driven rain to ruin the living room drywall.",The policy excludes the drywall damage because it was caused by groundwater seepage.,0,contradiction,controlplane-nli-v1-train-b004-f023,regulated_decision_support,medium,Insurance Claims
controlplane-nli-v1-train-b003-000051,"Assembly line AL-9 uses sub-assembly kits, each containing 4 bracket units. A completed batch report shows 36 kits were consumed during the shift, and quality control separately confirms 144 finished brackets were logged into the output bin. No brackets were logged as scrapped during the shift.",The shift supervisor approved an increase in kit consumption for the next shift.,2,neutral,controlplane-nli-v1-train-b003-f013,regulated_decision_support,hard,component_totals
controlplane-nli-v1-train-b004-000012,"Cloud platform customers can claim a 10% monthly service credit if they experience an unscheduled outage lasting more than 4 consecutive hours. To qualify, the customer must report the outage via the support portal within 24 hours of its resolution. The Alpha server cluster experienced a 6-hour unscheduled outage on Tuesday. CorpNet uses the Alpha cluster and submitted a support ticket on Thursday, 48 hours after resolution.",CorpNet failed to report the server outage within the required timeframe.,1,entailment,controlplane-nli-v1-train-b004-f003,customer_support,medium,Cloud Infrastructure
controlplane-nli-v1-train-b004-000100,"Under Section 8 guidelines, commercial vehicles over 10,000 lbs are prohibited from parking in residential zones overnight unless they are actively engaged in emergency utility repairs. Drivers violating this rule face a $500 fine. The municipal transit authority has the power to grant temporary overnight parking waivers for specific construction projects. A 12,000 lb commercial truck was parked in a residential zone overnight.","The driver of the 12,000 lb truck was actively performing emergency utility repairs.",2,neutral,controlplane-nli-v1-train-b004-f025,regulated_decision_support,hard,Municipal Law
controlplane-nli-v1-train-b005-000045,Project Lantern was renamed Project Prism after the planning phase; the charter number and project identity did not change. Eira Moss remains executive sponsor. Delivery ownership transferred from Tomas Reed to Nikhil Sen on July 1. The governance note says references to Lantern in older documents should be read as references to Prism.,Project Lantern and Project Prism are two names for the same project.,1,entailment,controlplane-nli-v1-train-b005-f012,internal_assistant,medium,project governance
controlplane-nli-v1-train-b005-000049,"Stonepath Group owns Stonepath Analytics Ltd., but the two names are not interchangeable in contract records. Data-processing agreement DPA-77 names Stonepath Analytics Ltd. as the contracting vendor. A Stonepath Group relationship manager coordinated meetings on behalf of the subsidiary, yet the parent company did not sign the agreement.",Stonepath Analytics Ltd. is the contracting vendor named in DPA-77.,1,entailment,controlplane-nli-v1-train-b005-f013,internal_assistant,medium,vendor management
controlplane-nli-v1-train-b005-000032,"FA-118 names two people with nearly identical names: Adrian Bell, the account owner, and Adrian K. Bell, the authorized user. In the phrase the elder Bell asked to remove the latter's tablet, elder identifies the first person and latter identifies the second. No other device was removed in that action.",Exactly one device was removed in the action described for FA-118.,1,entailment,controlplane-nli-v1-train-b005-f008,customer_support,hard,shared account servicing
controlplane-nli-v1-train-b004-000047,The standard travel policy limits hotel expense reimbursements to $200 per night. Employees traveling to designated high-cost cities have a limit of $300 per night. Any expense exceeding these limits must have a documented exception signed by a Vice President prior to booking. Employee Sarah booked a $350 per night hotel in a high-cost city without obtaining a Vice President's signature.,Sarah's $350 hotel rate included complimentary breakfast and parking.,2,neutral,controlplane-nli-v1-train-b004-f012,internal_assistant,easy,Travel & Expenses
controlplane-nli-v1-train-b002-000025,"Pinecrest Auto Club membership PAC-62 includes exactly three covered roadside callouts per membership year. The service history lists callouts on February 4 and June 19, with no other covered callout recorded in the current year. The benefits screen therefore shows one covered callout remaining. A tire-discount coupon appears on the account but does not affect the roadside quota.",PAC-62 has one covered roadside callout remaining this membership year.,1,entailment,controlplane-nli-v1-train-b002-f007,customer_support,easy,benefit inquiries
controlplane-nli-v1-train-b001-000050,Transfer T-309 at Beacon Ridge Labs takes Maren Holt from Atlas to Cedar effective 2026-09-01. Her title stays Data Operations Specialist. The form mentions an October compensation review but records no salary adjustment as part of the transfer.,Maren Holt's job title does not remain Data Operations Specialist after the transfer.,0,contradiction,controlplane-nli-v1-train-b001-f013,internal_assistant,medium,human resources
controlplane-nli-v1-train-b002-000062,"Ashford Engineering policy uses 1 mile = 1.6 kilometers for mileage reimbursement. AE-51 documents an approved 80-kilometer field trip. The worksheet converts the trip to 50 miles and reimburses those miles at $0.60 each, for $30.00.",AE-51 treated the 80-kilometer trip as 80 miles.,0,contradiction,controlplane-nli-v1-train-b002-f016,internal_assistant,medium,expense reimbursement
controlplane-nli-v1-train-b003-000054,"A customer's water tank warranty claim states the tank holds 1,200 liters of capacity. The service technician's report, filed separately, records the tank's capacity as 1.2 cubic meters. Both documents were submitted as part of the same claim file, CF-663, without any noted discrepancy by the reviewing agent.",The technician's report records a tank capacity smaller than the one stated in the warranty claim.,0,contradiction,controlplane-nli-v1-train-b003-f014,customer_support,easy,unit_conversion
controlplane-nli-v1-train-b002-000090,"The Blue Lantern Arts Fund completeness rule requires exactly two reference letters and one portfolio. BLA-17 contains two letters, one from Morgan Hale and one from Priya Dent, and a single portfolio file. The intake system marks the file complete.",BLA-17 contains only one reference letter.,0,contradiction,controlplane-nli-v1-train-b002-f023,regulated_decision_support,easy,scholarship review
controlplane-nli-v1-train-b006-000075,"The compliance audit requires documents from three branches. Branch X submitted 45 files, Branch Y submitted 30 files, and Branch Z submitted 25 files. The regulator mandates a minimum total submission of 110 files to pass the initial review.",Branch X submitted files primarily related to employee health records.,2,neutral,controlplane-nli-v1-train-b006-f019,regulated_decision_support,easy,legal
controlplane-nli-v1-train-b002-000034,"For cancelled Seabrook Events session SE-22, ticket T-411 has a refundable $72.00 admission amount and a refundable $5.40 venue tax. A $3.00 donation is separately marked non-refundable. The refund worksheet records $77.40 as the approved refund.",The approved T-411 refund includes the $3.00 optional donation.,0,contradiction,controlplane-nli-v1-train-b002-f009,customer_support,easy,refunds
controlplane-nli-v1-train-b001-000045,"Orchard Vale's travel policy requires director approval for domestic hotel rates above $220 per night. Rates of $220 or less may be approved by a team manager. The policy also says conference registration fees follow a separate approval path. A traveler may request an exception, but an exception is not automatic.",A domestic hotel rate of $245 per night requires director approval under Orchard Vale's policy.,1,entailment,controlplane-nli-v1-train-b001-f012,internal_assistant,medium,internal policies
controlplane-nli-v1-train-b002-000099,"Juniper Gate Audit Group's final AG-9 worksheet supersedes an earlier draft and records three exceptions among 40 sampled access records, an exception rate of 7.5%. AP-12 treats rates above 5% as above tolerance. The final worksheet does not identify a root cause for the three exceptions.",The three AG-9 exceptions were caused by a training deficiency.,2,neutral,controlplane-nli-v1-train-b002-f025,regulated_decision_support,hard,audit findings
controlplane-nli-v1-train-b005-000015,"After Threadline Desk was renamed Threadline Hub, an existing customer asked support to export her contacts using the old product name. The request was placed in the Threadline Hub export queue. The note does not say when the export file will finish processing or which download format will be used.",The customer's contact export was delivered as a CSV file on February 13.,2,neutral,controlplane-nli-v1-train-b005-f004,customer_support,medium,customer support platform
controlplane-nli-v1-train-b006-000060,"The sales team had a Q4 target of $100,000. In October, they generated $35,000. November sales were $25,000. A single large deal closed in December brought in $45,000. The company awards a 5% bonus on any revenue that exceeds the quarterly target.","The total sales revenue generated in Q4 was $105,000.",1,entailment,controlplane-nli-v1-train-b006-f015,internal_assistant,hard,sales
controlplane-nli-v1-train-b004-000042,"Employees can carry over a maximum of 40 hours of unused paid time off (PTO) into the next calendar year. Any unused hours exceeding this limit are forfeited on December 31, unless the employee resides in a state with legislation prohibiting PTO forfeiture. Employee Mark resides in Texas, which allows forfeiture, and he has 55 hours of unused PTO at the end of the year.",Mark can carry over all 55 hours of his unused PTO into the next calendar year.,0,contradiction,controlplane-nli-v1-train-b004-f011,internal_assistant,easy,Human Resources
controlplane-nli-v1-train-b005-000017,"Vireo Devices Group owns two subsidiaries, Vireo Mobile Ltd. and Vireo Home Ltd. Order VM-882 was sold by Vireo Mobile Ltd. A shared support unit called Vireo Assist handled the customer's inquiry on behalf of Vireo Mobile; it did not become the seller of record. Vireo Home had no role in the order.",Vireo Assist handled the inquiry on behalf of Vireo Mobile Ltd.,1,entailment,controlplane-nli-v1-train-b005-f005,customer_support,medium,shared services
controlplane-nli-v1-train-b006-000092,"Aircraft tail N445 has accumulated 3,200 flight hours. A mandatory engine inspection is required every 1,500 flight hours. The last inspection was completed when the aircraft had logged exactly 1,450 flight hours.",Aircraft N445 has accumulated 250 flight hours beyond the time its second inspection was due.,1,entailment,controlplane-nli-v1-train-b006-f023,regulated_decision_support,medium,aviation
controlplane-nli-v1-train-b002-000063,The AE-51 reimbursement worksheet at Ashford Engineering converts an approved 80-kilometer field trip into 50 miles using the policy's 1.6-kilometers-per-mile conversion. It calculates $30.00 of mileage reimbursement. The worksheet does not state whether the employee also submitted a parking receipt.,AE-51 included a parking receipt for the same field trip.,2,neutral,controlplane-nli-v1-train-b002-f016,internal_assistant,medium,expense reimbursement
controlplane-nli-v1-train-b006-000056,"Project Gamma requires coding 400 modules. By the end of sprint 1, 120 modules were completed. In sprint 2, the team finished another 80 modules. The remaining modules are scheduled for sprint 3.",The team has completed exactly 50% of the modules required for Project Gamma after sprint 2.,1,entailment,controlplane-nli-v1-train-b006-f014,internal_assistant,medium,project_management
controlplane-nli-v1-train-b003-000085,"Facility badge system logs show contractor badge CB-410 is provisioned for level-1 access, covering common areas and the loading dock only. An access attempt at the server room door using CB-410 was logged as denied at 14:12 on 6 August. Server room access requires level-3 clearance under facility policy.",Badge CB-410 does not have the clearance level required to access the server room.,1,entailment,controlplane-nli-v1-train-b003-f022,regulated_decision_support,medium,authorization_levels
controlplane-nli-v1-train-b005-000086,"Leo Vale, the accountant, wrote the revenue letter for applicant Sora Vale. Processor Mina Cross later uploaded it and summarized Leo's stated revenue figure in the case notes. The file separates author, applicant, and processor roles.",Mina Cross authored the revenue letter because she uploaded it to LD-312.,0,contradiction,controlplane-nli-v1-train-b005-f022,regulated_decision_support,medium,lending documentation
controlplane-nli-v1-train-b006-000087,"Fund XYZ has total assets of $400 million. Regulatory guidelines mandate that at least 8% of total assets be held in highly liquid cash equivalents. Currently, the fund holds $25 million in cash and $5 million in Treasury bills, which both qualify as liquid.",Fund XYZ plans to sell equities next week to cover the liquidity shortfall.,2,neutral,controlplane-nli-v1-train-b006-f022,regulated_decision_support,medium,finance
controlplane-nli-v1-train-b006-000023,"Guest reservation 11-A was originally booked for 4 nights at $150 per night. On the second day, the guest extended the stay by 2 nights at a discounted rate of $100 per night. The guest also accumulated $45 in room service charges.",The $45 room service charge was for a breakfast ordered on the third morning.,2,neutral,controlplane-nli-v1-train-b006-f006,customer_support,medium,hospitality
controlplane-nli-v1-train-b004-000030,Purchases made before September 30 have a 30-day return window. A new policy taking effect on October 1 extends the return window to 60 days for all items purchased on or after that date. Items purchased in September do not retroactively gain the 60-day window. Customer Brian purchased a headset on September 28.,Brian's headset purchase is eligible for the extended 60-day return window.,0,contradiction,controlplane-nli-v1-train-b004-f008,customer_support,hard,Returns Policy
controlplane-nli-v1-train-b002-000004,"The CV-418 monitor was bought from Crescent Vale Electronics on April 3 for $640. Policy note PP-7 says a lower identical-item price must be verified no later than 14 calendar days after purchase. The same model was verified at $590 on April 12, nine days after purchase. The case was therefore marked eligible for price protection, and a $50 credit was approved.",The verified competitor price for CV-418 was found within the allowed 14-day period.,1,entailment,controlplane-nli-v1-train-b002-f001,customer_support,easy,refunds
controlplane-nli-v1-train-b005-000088,"Processor Mina Cross wrote that accountant Leo Vale reported revenue of $240,000 for applicant Sora Vale. Her note attributes the figure to Leo's letter. The lending excerpt does not state whether a later reviewer accepted, adjusted, or rejected that reported figure.","A later reviewer reduced the reported revenue figure to $220,000.",2,neutral,controlplane-nli-v1-train-b005-f022,regulated_decision_support,medium,lending documentation
controlplane-nli-v1-train-b004-000068,"Staff members may use corporate cards for client dinners, but they must submit itemized receipts to the accounting portal within 14 days of the transaction. Use of the corporate card is entirely optional. Staff who fail to submit receipts within 14 days are required to reimburse the company from their personal funds. Employee Kevin used his corporate card for a client dinner 18 days ago and has not submitted a receipt.",Kevin still has time to upload his itemized receipt before the deadline expires.,0,contradiction,controlplane-nli-v1-train-b004-f017,internal_assistant,hard,Travel & Expenses
controlplane-nli-v1-train-b001-000053,"HelioForge's August project report compares two workstreams. Workstream Nova completed 18 of 20 planned tasks, while Workstream Vale completed 14 of 16. Nova therefore has a 90% completion rate and Vale has 87.5%. The risk register lists one open supplier issue for Nova and two for Vale.",Workstream Nova has a higher completion percentage than Workstream Vale.,1,entailment,controlplane-nli-v1-train-b001-f014,internal_assistant,medium,project reporting
controlplane-nli-v1-train-b004-000092,"The standard homeowner's insurance policy covers interior structural damage caused by wind-driven rain if the wind first breaches the building envelope, such as breaking a window. However, the policy strictly excludes interior damage caused by rising floodwaters or groundwater seepage. A hurricane broke a window in the Smith residence, allowing wind-driven rain to ruin the living room drywall.",The Smith family evacuated their home shortly before the hurricane broke the window.,2,neutral,controlplane-nli-v1-train-b004-f023,regulated_decision_support,medium,Insurance Claims
controlplane-nli-v1-train-b005-000014,"Threadline Desk and Threadline Hub are not separate subscriptions: Threadline Desk became Threadline Hub on February 1. In a later ticket, the customer used the former name while asking for a contact export. Support mapped the request to the existing Threadline Hub account and recorded the export as queued.",Threadline Desk and Threadline Hub are two separate subscriptions held by the customer.,0,contradiction,controlplane-nli-v1-train-b005-f004,customer_support,medium,customer support platform
controlplane-nli-v1-train-b006-000063,"The annual compliance training requires a total of 12 hours. Employee 908 completed 3.5 hours on Monday, 4.5 hours on Tuesday, and 2 hours on Thursday. The training portal limits users to a maximum of 5 hours per day.",Employee 908 plans to complete the remaining training hours on Friday.,2,neutral,controlplane-nli-v1-train-b006-f016,internal_assistant,hard,training
controlplane-nli-v1-train-b002-000061,"Ashford Engineering reimburses approved field travel at $0.60 per mile, with distance entered either in miles or in kilometers using the policy conversion 1 mile = 1.6 kilometers. Engineer case AE-51 records an approved round trip of 80 kilometers. The reimbursement worksheet converts this to 50 miles and calculates $30.00. Parking is handled under a separate rule.",The approved 80-kilometer trip in AE-51 was treated as 50 miles for reimbursement.,1,entailment,controlplane-nli-v1-train-b002-f016,internal_assistant,medium,expense reimbursement
controlplane-nli-v1-train-b005-000008,"The AS-271 transcript distinguishes Mira Solis, the account owner, from Milo Solis, her authorized contact. Milo says that she will remain the owner after support resets the password, and the next line records the reset as complete without any ownership change. The pronoun in Milo's statement refers to Mira, not to the agent.",The pronoun she in Milo's statement refers to Mira Solis.,1,entailment,controlplane-nli-v1-train-b005-f002,customer_support,easy,account servicing
controlplane-nli-v1-train-b002-000024,Warranty rule SM-W4 says a battery beyond 800 cycles may still be replaced if fault code MF-9 is present and age is at most 30 months. SM-B41 recorded MF-9 at 846 cycles and 27 months of age. The warranty desk approved the exception request. No other exception was invoked.,SM-B41 satisfied both stated conditions for the MF-9 warranty exception.,1,entailment,controlplane-nli-v1-train-b002-f006,customer_support,hard,warranty claims
controlplane-nli-v1-train-b003-000022,"Release v4.2.1 was deployed to the production cluster at 03:00 UTC on 9 August. Error rates spiked to 12% within 20 minutes, triggering an automatic rollback to v4.1.9 at 03:35. The engineering team later deployed a hotfix, v4.2.2, at 09:10 UTC after resolving the root cause identified in the incident review.",Version v4.2.1 remained in production continuously from 03:00 until the hotfix was deployed at 09:10.,0,contradiction,controlplane-nli-v1-train-b003-f006,regulated_decision_support,medium,software_deployment
controlplane-nli-v1-train-b003-000030,"The build cluster has a total capacity of 200 vCPUs. Team Atlas currently has 75 vCPUs allocated, and team Orion has 60 vCPUs allocated. A pending request from team Lyra for 50 vCPUs has not yet been approved. Capacity planning notes indicate that any remaining unallocated vCPUs are held in reserve for emergency scaling.",Team Lyra's request for 50 vCPUs has already been approved and fulfilled.,0,contradiction,controlplane-nli-v1-train-b003-f008,internal_assistant,medium,resource_capacity
controlplane-nli-v1-train-b001-000100,"The synthetic RS-8 review contains unresolved disagreement about C-12 on 2026-08-01. One source marks it passed and the other marks it failed, and Narrowgate provides no precedence rule. By contrast, both sources agree that C-13 passed.",Control C-12 failed the 2026-08-01 test.,2,neutral,controlplane-nli-v1-train-b001-f025,regulated_decision_support,hard,risk review
controlplane-nli-v1-train-b003-000027,"Purchase order PO-3381 for 60 tablet units was delivered to the receiving dock on 5 July. The receiving clerk logged 58 units as accepted and 2 units as rejected due to cracked screens on arrival. The vendor, OrbanTech, was notified of the rejection the same afternoon and agreed to a replacement shipment.",The replacement shipment from OrbanTech is expected to arrive within one week.,2,neutral,controlplane-nli-v1-train-b003-f007,customer_support,easy,procurement_delivery
controlplane-nli-v1-train-b004-000086,"Approval for a conventional mortgage product requires the applicant to provide a minimum 20% down payment and maintain a debt-to-income (DTI) ratio below 36%. If either condition is not met, the applicant must apply for an FHA loan instead. Applicant Kevin is offering a 25% down payment but has a calculated DTI ratio of 42%.",Kevin's 25% down payment guarantees his approval for a conventional mortgage.,0,contradiction,controlplane-nli-v1-train-b004-f022,regulated_decision_support,medium,Mortgage Underwriting
controlplane-nli-v1-train-b003-000081,"Database migration job MJ-501 began extraction at 01:00, completed extraction at 01:45, began transformation at 01:50, and completed loading into the target system at 03:20. A validation script ran automatically at 03:25 and reported zero row-count mismatches between source and target.",The transformation step began before the extraction step finished.,0,contradiction,controlplane-nli-v1-train-b003-f021,internal_assistant,hard,event_ordering_multi
controlplane-nli-v1-train-b006-000043,"The marketing budget for Q3 is $50,000. $20,000 is allocated to social media ads, and $15,000 is allocated to email campaigns. The rest is reserved for event sponsorships. At the end of July, $8,000 had been spent on social media ads.",The event sponsorship budget will be used for a regional trade show in September.,2,neutral,controlplane-nli-v1-train-b006-f011,internal_assistant,easy,finance
controlplane-nli-v1-train-b006-000032,"Claim C-98 includes three damaged items: a laptop valued at $1,200, a phone valued at $800, and a watch valued at $400. The policy includes a flat $250 deductible applied to the total approved claim. The watch was denied coverage because it was outside the insured location.","The total value of all the damaged items claimed before any denials or deductibles is $2,400.",1,entailment,controlplane-nli-v1-train-b006-f008,customer_support,hard,insurance
controlplane-nli-v1-train-b001-000068,"Two VelaStone attestations are tracked separately. Data Handling was signed by Ishan Ro on 2026-07-28, while Supplier Conduct was signed by Mina Sol on 2026-08-03. The control checklist requires the signature to come before review closure for the corresponding attestation.",The Data Handling attestation was signed after the Supplier Conduct attestation.,0,contradiction,controlplane-nli-v1-train-b001-f017,internal_assistant,hard,compliance documentation
controlplane-nli-v1-train-b006-000071,"Patient chart 88-T notes a daily recommended calcium intake of 1,200 mg. The patient currently takes a morning supplement of 500 mg and gets 350 mg from their diet. The physician advised not to exceed the recommended limit.",The patient drinks two glasses of milk daily to get their 350 mg of dietary calcium.,2,neutral,controlplane-nli-v1-train-b006-f018,regulated_decision_support,easy,healthcare
controlplane-nli-v1-train-b006-000029,"Claim C-98 includes three damaged items: a laptop valued at $1,200, a phone valued at $800, and a watch valued at $400. The policy includes a flat $250 deductible applied to the total approved claim. The watch was denied coverage because it was outside the insured location.","The final payout to the customer for Claim C-98 is $1,750.",1,entailment,controlplane-nli-v1-train-b006-f008,customer_support,hard,insurance
controlplane-nli-v1-train-b002-000077,"North Ember Mutual's synthetic policy NM-88 entered suspended status at 00:00 on November 4 after a missed premium. Its reinstatement rule allows payment through November 13; if accepted within that window, active status resumes from the payment timestamp rather than retroactively. Payment was accepted at 14:30 on November 9, and the policy ledger shows active status beginning at 14:30 that day. No claim decision is included.",Policy NM-88 became active again at 14:30 on November 9.,1,entailment,controlplane-nli-v1-train-b002-f020,regulated_decision_support,medium,insurance
controlplane-nli-v1-train-b005-000068,"The department name changed from Identity Governance to Access Stewardship, but certification ownership later moved to Assurance Office. Therefore a historical statement that Identity Governance once owned certifications does not mean Access Stewardship owns them now. The current owner is Assurance Office.","Because Identity Governance once owned certifications, Access Stewardship must own them now.",0,contradiction,controlplane-nli-v1-train-b005-f017,internal_assistant,hard,governance operations
controlplane-nli-v1-train-b002-000033,Seabrook Events cancelled session SE-22 after doors had remained closed. The customer ledger shows two refundable components for ticket T-411: $72.00 base admission and $5.40 venue tax. The separate $3.00 optional donation is marked non-refundable. The refund worksheet totals the refundable components at $77.40 and marks that amount approved.,The approved refund for ticket T-411 totals $77.40.,1,entailment,controlplane-nli-v1-train-b002-f009,customer_support,easy,refunds
controlplane-nli-v1-train-b005-000003,Northbridge Communications LLC bills account NC-440 under its customer-facing name Northbridge Connect. The invoice uses both names and clarifies that they identify the same contracting entity. The file does not provide the address of the organization's registered office or identify the building in which its finance team works.,Northbridge Communications LLC has its registered office on Alder Street.,2,neutral,controlplane-nli-v1-train-b005-f001,customer_support,easy,billing support
controlplane-nli-v1-train-b001-000040,"The procurement file for PR-602 shows an order for 40 ergonomic chairs from Alder & Finch. The approved unit price is $310, and the requested delivery date is 2026-09-15. Mono Ridge's lower freight quote is retained for comparison but did not determine the award.",PR-602 approved four dozen ergonomic chairs for purchase.,0,contradiction,controlplane-nli-v1-train-b001-f010,internal_assistant,easy,procurement
controlplane-nli-v1-train-b001-000052,Maren Holt's T-309 form sets a 2026-09-01 effective date for moving from Atlas to Cedar. Beacon Ridge Labs keeps her title as Data Operations Specialist. The October compensation review is a later process and does not change the transfer terms.,The transfer keeps Maren Holt on the Atlas team after 2026-09-01.,0,contradiction,controlplane-nli-v1-train-b001-f013,internal_assistant,medium,human resources
controlplane-nli-v1-train-b005-000025,"Pulse Basic was renamed Pulse Start in January; it remained the same entry-level plan. Customer PX-73 stayed on that renamed plan until May 1, when the account was migrated to the separate Pulse Growth plan. A June service note refers to Pulse Start as the customer's former plan and Pulse Growth as the current plan.",Pulse Growth is the current plan on customer account PX-73.,1,entailment,controlplane-nli-v1-train-b005-f007,customer_support,medium,subscription servicing
controlplane-nli-v1-train-b002-000015,"Quillstream Analytics records show QA-54 started an evaluation on July 1 and cancelled it on July 18 under the 21-day evaluation exception. Access ended at 23:59 on July 18. The cancellation note confirms there was no renewal charge, but the record contains no information about whether the customer later opened a different workspace.",The customer opened another Quillstream Analytics workspace in August.,2,neutral,controlplane-nli-v1-train-b002-f004,customer_support,medium,subscription cancellation
controlplane-nli-v1-train-b004-000052,"The corporate employee handbook states that all hourly workers are entitled to a 30-minute unpaid lunch break. However, Section 4 of the local union collective bargaining agreement (CBA) mandates a 45-minute paid lunch break for facility workers. Where policies conflict, the CBA strictly supersedes the corporate handbook. Employee James is an hourly facility worker covered by the CBA.",The corporate handbook policies override the local union agreement for James.,0,contradiction,controlplane-nli-v1-train-b004-f013,internal_assistant,medium,Labor Relations
controlplane-nli-v1-train-b003-000026,"Purchase order PO-3381 for 60 tablet units was delivered to the receiving dock on 5 July. The receiving clerk logged 58 units as accepted and 2 units as rejected due to cracked screens on arrival. The vendor, Or­banTech, was notified of the rejection the same afternoon and agreed to a replacement shipment.",All 60 tablet units delivered under PO-3381 were accepted without any rejections.,0,contradiction,controlplane-nli-v1-train-b003-f007,customer_support,easy,procurement_delivery
controlplane-nli-v1-train-b004-000073,"Administrative pre-authorization for elective physical therapy is valid for exactly 30 days from the date of approval. If the first therapy session does not occur within this 30-day window, the authorization expires and a new clinical review must be submitted. Patient Robert received pre-authorization on April 1 and attended his first therapy session on May 15.",Robert's initial pre-authorization expired prior to him attending his first therapy session.,1,entailment,controlplane-nli-v1-train-b004-f019,regulated_decision_support,easy,Healthcare Admin
controlplane-nli-v1-train-b004-000078,"The Merit Foundation Scholarship requires applicants to possess a minimum unweighted GPA of 3.5. In addition to the academic threshold, applicants must log at least 50 hours of documented community service. Applicant Jessica has an unweighted GPA of 3.8 and has submitted documentation for 40 hours of community service.",Jessica is fully eligible for the scholarship based solely on her 3.8 GPA.,0,contradiction,controlplane-nli-v1-train-b004-f020,regulated_decision_support,easy,Education
controlplane-nli-v1-train-b006-000009,The service technician for Ticket #992 is scheduled to arrive between 08:00 and 12:00 on October 15. Each repair session is estimated to take exactly 2 hours to complete once the technician arrives.,The earliest possible time the repair could be finished on October 15 is 10:00.,1,entailment,controlplane-nli-v1-train-b006-f003,customer_support,easy,field_services
controlplane-nli-v1-train-b002-000079,"North Ember Mutual accepted the NM-88 reinstatement payment at 14:30 on November 9, within the permitted window ending November 13. Under the synthetic rule, active status resumes only from the payment timestamp. The file contains no event report for the morning of November 9 and no claim determination.",A covered incident occurred under NM-88 on the morning of November 9.,2,neutral,controlplane-nli-v1-train-b002-f020,regulated_decision_support,medium,insurance
controlplane-nli-v1-train-b004-000039,"Onboarding a new software vendor requires both a completed IT security assessment and approval from the department director. If the annual contract exceeds $20,000, final authorization from the CFO is also required. Vendor CloudSync has passed the IT security assessment and received director approval for a $15,000 annual contract.",The IT security assessment for CloudSync took three weeks to complete.,2,neutral,controlplane-nli-v1-train-b004-f010,internal_assistant,easy,Vendor Management
controlplane-nli-v1-train-b001-000057,"Kestrel Point's vendor scorecard covers Ardent Freight and Brindle Logistics. Ardent has an on-time rate of 96% and a quality score of 8.7, while Brindle has 93% on-time and a quality score of 9.1. The renewal memo recommends Ardent for a one-year extension because delivery reliability is weighted most heavily.",Ardent Freight is recommended for a one-year extension.,1,entailment,controlplane-nli-v1-train-b001-f015,internal_assistant,medium,vendor management
controlplane-nli-v1-train-b003-000034,"Policy document DOC-220 revision C was published on 1 February and marked as the authoritative version. Revision D, drafted on 15 February, was circulated for internal comment but was withdrawn on 22 February after reviewers flagged inconsistencies. No further revision has since been published, and revision C remains listed as current in the document registry.",Revision D replaced revision C as the authoritative version of DOC-220.,0,contradiction,controlplane-nli-v1-train-b003-f009,regulated_decision_support,hard,document_versioning
controlplane-nli-v1-train-b001-000080,The CL-711 record shows water damage reported on 2026-08-06 and coverage active through the end of 2026. Maple Strand has completed document review but not the assessment. No final payment decision is entered in the synthetic file.,The claim assessment will be completed within five days.,2,neutral,controlplane-nli-v1-train-b001-f020,regulated_decision_support,easy,insurance
controlplane-nli-v1-train-b004-000031,Purchases made before September 30 have a 30-day return window. A new policy taking effect on October 1 extends the return window to 60 days for all items purchased on or after that date. Items purchased in September do not retroactively gain the 60-day window. Customer Brian purchased a headset on September 28.,Brian decided to return his headset because the microphone was defective.,2,neutral,controlplane-nli-v1-train-b004-f008,customer_support,hard,Returns Policy
controlplane-nli-v1-train-b003-000084,"Database migration job MJ-501 began extraction at 01:00, completed extraction at 01:45, began transformation at 01:50, and completed loading into the target system at 03:20. A validation script ran automatically at 03:25 and reported zero row-count mismatches between source and target.",The validation script found discrepancies between the source and target row counts.,0,contradiction,controlplane-nli-v1-train-b003-f021,internal_assistant,hard,event_ordering_multi
controlplane-nli-v1-train-b005-000042,"Lena Wu's Operations Manager assignment ended April 30, and she became Program Lead on May 1. Omar Vale assumed the Operations Manager position that same day. A June staff list reflects those current titles, while Lena's old title appears only in historical records.",Lena Wu is still the current Operations Manager in June.,0,contradiction,controlplane-nli-v1-train-b005-f011,internal_assistant,easy,human resources
controlplane-nli-v1-train-b001-000039,CinderWorks approved PR-602 for 40 ergonomic chairs from Alder & Finch at $310 each. The requested delivery date is 2026-09-15. Mono Ridge appears only as an unsuccessful bidder with lower freight. The file does not identify the color of the chairs.,The chairs ordered under PR-602 are charcoal gray.,2,neutral,controlplane-nli-v1-train-b001-f010,internal_assistant,easy,procurement
controlplane-nli-v1-train-b005-000094,Licensing Secretariat is the new name of the former Credential Office. Mei Tan previously served as an analyst in that unit but became supervisor on June 15. The July directory no longer lists her as an analyst.,Mei Tan remains a current licensing analyst rather than the unit supervisor.,0,contradiction,controlplane-nli-v1-train-b005-f024,regulated_decision_support,medium,licensing administration
controlplane-nli-v1-train-b002-000056,"Ember's plan says integration testing cannot begin before interface freeze is complete. Meadowrun Robotics recorded interface freeze completion on September 3 and integration testing start on September 5. Testing later closed September 18, followed by pilot deployment on September 21.",Integration testing for Ember started while interface freeze was still incomplete.,0,contradiction,controlplane-nli-v1-train-b002-f014,internal_assistant,medium,project reporting
controlplane-nli-v1-train-b004-000066,"Staff members may use corporate cards for client dinners, but they must submit itemized receipts to the accounting portal within 14 days of the transaction. Use of the corporate card is entirely optional. Staff who fail to submit receipts within 14 days are required to reimburse the company from their personal funds. Employee Kevin used his corporate card for a client dinner 18 days ago and has not submitted a receipt.",Kevin is exempt from the reimbursement penalty because using the corporate card is optional.,0,contradiction,controlplane-nli-v1-train-b004-f017,internal_assistant,hard,Travel & Expenses
controlplane-nli-v1-train-b003-000017,"Access log AC-902 shows user jsingh was granted level-2 read access to the finance repository at 08:14 on 3 June. At 08:50, an elevation request to level-3 write access was submitted but remained pending approval. At 11:30 the same day, admin patel approved a level-2 access renewal for jsingh, unrelated to the pending elevation request.",User jsingh had write access to the finance repository by the end of that day.,2,neutral,controlplane-nli-v1-train-b003-f005,internal_assistant,hard,access_control
controlplane-nli-v1-train-b006-000018,"The annual membership fee is $120. If a member cancels before the end of month 6, they receive a 50% refund. If they cancel during month 7 or 8, they receive a 25% refund. No refunds are issued for cancellations after month 8. Member X canceled in month 7.",Member X is entitled to a 50% refund of their annual fee.,0,contradiction,controlplane-nli-v1-train-b006-f005,customer_support,medium,memberships
controlplane-nli-v1-train-b003-000024,"Release v4.2.1 was deployed to the production cluster at 03:00 UTC on 9 August. Error rates spiked to 12% within 20 minutes, triggering an automatic rollback to v4.1.9 at 03:35. The engineering team later deployed a hotfix, v4.2.2, at 09:10 UTC after resolving the root cause identified in the incident review.",The hotfix version deployed after the rollback was v4.2.2.,1,entailment,controlplane-nli-v1-train-b003-f006,regulated_decision_support,medium,software_deployment
controlplane-nli-v1-train-b001-000066,"The VelaStone control file distinguishes a Data Handling attestation from a Supplier Conduct attestation. Ishan Ro signed Data Handling on 2026-07-28, and Mina Sol signed Supplier Conduct on 2026-08-03. The checklist states that the relevant signature must precede closure of each review.",Ishan Ro signed the Supplier Conduct attestation.,0,contradiction,controlplane-nli-v1-train-b001-f017,internal_assistant,hard,compliance documentation
controlplane-nli-v1-train-b003-000035,"Policy document DOC-220 revision C was published on 1 February and marked as the authoritative version. Revision D, drafted on 15 February, was circulated for internal comment but was withdrawn on 22 February after reviewers flagged inconsistencies. No further revision has since been published, and revision C remains listed as current in the document registry.",The inconsistencies in revision D were related to a section on data retention.,2,neutral,controlplane-nli-v1-train-b003-f009,regulated_decision_support,hard,document_versioning
controlplane-nli-v1-train-b006-000073,"The compliance audit requires documents from three branches. Branch X submitted 45 files, Branch Y submitted 30 files, and Branch Z submitted 25 files. The regulator mandates a minimum total submission of 110 files to pass the initial review.",The combined submissions from the three branches fall short of the regulator's minimum by 10 files.,1,entailment,controlplane-nli-v1-train-b006-f019,regulated_decision_support,easy,legal
controlplane-nli-v1-train-b006-000083,"The commercial lease for Suite 4B states an annual base rent of $120,000. In addition to the base rent, the tenant pays a flat monthly maintenance fee of $400. Property taxes are assessed separately and passed through at a rate of $2,400 annually.",The landlord provides cleaning services out of the monthly maintenance fee.,2,neutral,controlplane-nli-v1-train-b006-f021,regulated_decision_support,medium,real_estate
controlplane-nli-v1-train-b003-000013,Parcel PZ-5590 was handed off from courier DashLine to regional hub Bexley at 14:20 on Tuesday. The hub scanned the parcel into the sorting facility at 14:32 and released it to last-mile courier QuickHop at 16:05 the same day. QuickHop confirmed delivery to the recipient at 17:48.,The parcel was scanned into the Bexley sorting facility before being released to QuickHop.,1,entailment,controlplane-nli-v1-train-b003-f004,customer_support,easy,shipment_custody
controlplane-nli-v1-train-b005-000063,"EX-315 records Mara Ives as claimant, Devon Ives as submitter on her behalf, and Soren Pike as approver. The claim was approved, but the excerpt contains no payment date, reimbursement account, or statement of when Mara will receive the funds.",Mara Ives received the reimbursement two days after approval.,2,neutral,controlplane-nli-v1-train-b005-f016,internal_assistant,hard,expense administration
controlplane-nli-v1-train-b002-000027,"Pinecrest Auto Club's PAC-62 membership includes three covered roadside callouts annually. The current service history records two used callouts and shows one benefit remaining. The member asked whether a fourth callout could be purchased at a discounted rate, but the benefits record contains no pricing for additional callouts.",A fourth roadside callout for PAC-62 can be purchased at a 20 percent discount.,2,neutral,controlplane-nli-v1-train-b002-f007,customer_support,easy,benefit inquiries
controlplane-nli-v1-train-b001-000096,"The Track R record shows P-44 completed Module A and Module B, satisfying the stated module prerequisites. P-45 has only Module A completion recorded. Because enrollment outcomes are maintained outside this file, the record does not show whether P-44 actually enrolled.",Applicant P-44 enrolled in Track R.,2,neutral,controlplane-nli-v1-train-b001-f024,regulated_decision_support,hard,eligibility decisions
controlplane-nli-v1-train-b006-000057,"The sales team had a Q4 target of $100,000. In October, they generated $35,000. November sales were $25,000. A single large deal closed in December brought in $45,000. The company awards a 5% bonus on any revenue that exceeds the quarterly target.","The sales team exceeded their Q4 target by $5,000.",1,entailment,controlplane-nli-v1-train-b006-f015,internal_assistant,hard,sales
controlplane-nli-v1-train-b003-000015,Parcel PZ-5590 was handed off from courier DashLine to regional hub Bexley at 14:20 on Tuesday. The hub scanned the parcel into the sorting facility at 14:32 and released it to last-mile courier QuickHop at 16:05 the same day. QuickHop confirmed delivery to the recipient at 17:48.,The recipient was not present at the first delivery attempt.,2,neutral,controlplane-nli-v1-train-b003-f004,customer_support,easy,shipment_custody
controlplane-nli-v1-train-b006-000076,"The compliance audit requires documents from three branches. Branch X submitted 45 files, Branch Y submitted 30 files, and Branch Z submitted 25 files. The regulator mandates a minimum total submission of 110 files to pass the initial review.",The regulator will extend the deadline for Branch Z to submit more files.,2,neutral,controlplane-nli-v1-train-b006-f019,regulated_decision_support,easy,legal
controlplane-nli-v1-train-b005-000022,"Agent Nira Dey proposed a one-month service extension in case EC-94. Supervisor Colin Voss acknowledged her proposal, but the record says he made no approval decision during the interaction. The extension remains pending, although a customer callback was confirmed.",Colin Voss approved the one-month service extension during the interaction.,0,contradiction,controlplane-nli-v1-train-b005-f006,customer_support,medium,service escalation
controlplane-nli-v1-train-b001-000098,"For synthetic review RS-8, Narrowgate has an operations log and an audit worksheet. The operations log marks C-12 as passed on 2026-08-01, but the audit worksheet marks C-12 as failed for that same date. No source-priority rule is provided. Both sources mark C-13 as passed.",Control C-13 failed the 2026-08-01 test.,0,contradiction,controlplane-nli-v1-train-b001-f025,regulated_decision_support,hard,risk review
controlplane-nli-v1-train-b005-000093,"The Credential Office was renamed Licensing Secretariat in June without changing its unit identifier LS-4. Mei Tan worked there as a licensing analyst before June and became unit supervisor on June 15. A July memorandum identifies Mei, formerly an analyst, as the current supervisor of the renamed Licensing Secretariat.",Mei Tan is the current supervisor of the Licensing Secretariat.,1,entailment,controlplane-nli-v1-train-b005-f024,regulated_decision_support,medium,licensing administration
controlplane-nli-v1-train-b005-000061,"Travel claim EX-315 belongs to executive Mara Ives, who incurred the documented expenses. Her assistant, Devon Ives, submitted the claim on Mara's behalf because Mara was traveling. Finance analyst Soren Pike reviewed and approved the claim. The workflow distinguishes claimant, submitter, and approver as separate roles.",Devon Ives submitted EX-315 on behalf of Mara Ives.,1,entailment,controlplane-nli-v1-train-b005-f016,internal_assistant,hard,expense administration
controlplane-nli-v1-train-b001-000004,"The refund workflow for Asterline Retail case RF-204 shows a returned damaged desk lamp. The return reached the warehouse on 2026-08-02, and a refund of $86.40 was approved on 2026-08-04. The customer requested repayment to the original payment method. No store-credit balance was created for this case.",Asterline Retail approved the refund after the returned lamp reached its warehouse.,1,entailment,controlplane-nli-v1-train-b001-f001,customer_support,easy,refunds
controlplane-nli-v1-train-b006-000030,"Claim C-98 includes three damaged items: a laptop valued at $1,200, a phone valued at $800, and a watch valued at $400. The policy includes a flat $250 deductible applied to the total approved claim. The watch was denied coverage because it was outside the insured location.","The payout for Claim C-98 will be $2,150 after the deductible.",0,contradiction,controlplane-nli-v1-train-b006-f008,customer_support,hard,insurance
controlplane-nli-v1-train-b005-000095,"The Credential Office became Licensing Secretariat, and Mei Tan moved from analyst to supervisor in June. The administrative excerpt provides the dates and titles but does not state whether her role change resulted from a promotion process, reassignment, or temporary appointment.",Mei Tan became supervisor after winning an internal promotion competition.,2,neutral,controlplane-nli-v1-train-b005-f024,regulated_decision_support,medium,licensing administration
controlplane-nli-v1-train-b002-000067,"For SP-8, the Granite Hollow Foods controlled register shows revision 6 effective July 1, while a local folder retains revision 5. Policy makes the controlled register authoritative for version status. The record does not say when the local folder administrator will remove revision 5.",The local folder administrator will remove revision 5 on July 7.,2,neutral,controlplane-nli-v1-train-b002-f017,internal_assistant,medium,compliance documentation
controlplane-nli-v1-train-b004-000058,"The internal promotion rubric requires candidates for the Senior Analyst role to score at least 85 out of 100 on the technical assessment. Furthermore, candidates must have either three years of internal tenure or a bilingual certification. Candidate Tom scored 90 on the assessment, has two years of internal tenure, and holds a bilingual certification in Spanish.",Tom is disqualified from the promotion because his tenure is under three years.,0,contradiction,controlplane-nli-v1-train-b004-f015,internal_assistant,medium,Human Resources
controlplane-nli-v1-train-b003-000078,"The HVAC system at the Bellview office is scheduled for a maintenance window every Sunday from 22:00 to 02:00. Last Sunday's session began on time but ran long, ending at 03:15 due to a compressor issue requiring extra diagnostics. No tenant complaints were logged during or after the extended window.",Last Sunday's maintenance session ended before the regularly scheduled window closed.,0,contradiction,controlplane-nli-v1-train-b003-f020,customer_support,easy,maintenance_windows
controlplane-nli-v1-train-b002-000029,"TerraNote's SecureArchive add-on requires three conditions: a Pro storage plan, account region R2 or R3, and desktop client version 8.4 or later. Workspace TN-318 is on Pro, is registered in R3, and reports client version 8.6. The eligibility engine marked SecureArchive as available. Mobile-app version is shown as 7.9 but is not a criterion in this rule.",Workspace TN-318 satisfies all three stated conditions for SecureArchive eligibility.,1,entailment,controlplane-nli-v1-train-b002-f008,customer_support,hard,service eligibility
controlplane-nli-v1-train-b003-000063,"An internal memo dated 1 May listed the compliance officer for the Northgate division as R. Chen. A superseding organizational update dated 15 May, marked as authoritative, named T. Osei as the new compliance officer effective immediately. No further updates have been issued since 15 May.",R. Chen was reassigned to a compliance role in a different division after 15 May.,2,neutral,controlplane-nli-v1-train-b003-f016,regulated_decision_support,hard,outdated_records
controlplane-nli-v1-train-b006-000079,"Bank Charter 9 requires an operating reserve of 10% on deposits up to $50 million, and 15% on any deposit amounts above $50 million. The bank currently holds exactly $70 million in deposits.",The bank holds $10 million in federal bonds to meet part of the reserve requirement.,2,neutral,controlplane-nli-v1-train-b006-f020,regulated_decision_support,easy,banking
controlplane-nli-v1-train-b005-000024,"Nira Dey, the frontline agent on EC-94, proposed a one-month extension. Colin Voss, her supervisor, logged that proposal as pending rather than making a final determination. The callback entry confirms only that the customer will be contacted again.",The extension recorded in EC-94 is a recommendation rather than a final approval.,1,entailment,controlplane-nli-v1-train-b005-f006,customer_support,medium,service escalation
controlplane-nli-v1-train-b004-000097,"Under Section 8 guidelines, commercial vehicles over 10,000 lbs are prohibited from parking in residential zones overnight unless they are actively engaged in emergency utility repairs. Drivers violating this rule face a $500 fine. The municipal transit authority has the power to grant temporary overnight parking waivers for specific construction projects. A 12,000 lb commercial truck was parked in a residential zone overnight.","The 12,000 lb commercial truck parked overnight is subject to a fine unless an exception or waiver applies.",1,entailment,controlplane-nli-v1-train-b004-f025,regulated_decision_support,hard,Municipal Law
controlplane-nli-v1-train-b005-000031,"On FA-118, Adrian Bell is primary owner and Adrian K. Bell is an authorized user. The elder Bell requested removal of the latter's tablet, which support completed. The case does not state why the device was removed, whether it was lost, or whether Adrian K. Bell agreed with the request.",Adrian K. Bell's tablet was removed because the device had been lost.,2,neutral,controlplane-nli-v1-train-b005-f008,customer_support,hard,shared account servicing
controlplane-nli-v1-train-b002-000018,"Shipment NP-883 entered Nimbus Parcel Locker 14 at 10:20 on August 2. Locker storage lasts 72 hours, and the file shows no customer pickup before the deadline. At 10:47 on August 5, staff scanned the parcel into the return cage.",NP-883 was picked up by the customer before the locker storage deadline.,0,contradiction,controlplane-nli-v1-train-b002-f005,customer_support,easy,delivery status
controlplane-nli-v1-train-b004-000044,"Employees can carry over a maximum of 40 hours of unused paid time off (PTO) into the next calendar year. Any unused hours exceeding this limit are forfeited on December 31, unless the employee resides in a state with legislation prohibiting PTO forfeiture. Employee Mark resides in Texas, which allows forfeiture, and he has 55 hours of unused PTO at the end of the year.",Mark is exempt from the forfeiture policy because of state legislation.,0,contradiction,controlplane-nli-v1-train-b004-f011,internal_assistant,easy,Human Resources
controlplane-nli-v1-train-b001-000014,"Subscription SUB-440 at Northvale Media has a cancellation request dated 2026-08-09. Its paid service continues through 2026-08-31, and automatic renewal is disabled. The monthly plan carries no early-termination fee. Access does not end on the request date.",Service for SUB-440 ended on 2026-08-09.,0,contradiction,controlplane-nli-v1-train-b001-f004,customer_support,easy,subscription cancellation
controlplane-nli-v1-train-b004-000065,"Staff members may use corporate cards for client dinners, but they must submit itemized receipts to the accounting portal within 14 days of the transaction. Use of the corporate card is entirely optional. Staff who fail to submit receipts within 14 days are required to reimburse the company from their personal funds. Employee Kevin used his corporate card for a client dinner 18 days ago and has not submitted a receipt.",Kevin is obligated to reimburse the company using his personal funds.,1,entailment,controlplane-nli-v1-train-b004-f017,internal_assistant,hard,Travel & Expenses
controlplane-nli-v1-train-b004-000015,"Silver members receive standard ground shipping on all orders. Gold members receive free expedited shipping. Platinum members receive free expedited shipping and a 10% discount on cart totals over $100. However, the 10% discount cannot be combined with promotional clearance items. Customer David is a Platinum member purchasing a $120 jacket on clearance.",David earned his Platinum membership by spending more than $500 last year.,2,neutral,controlplane-nli-v1-train-b004-f004,customer_support,medium,E-commerce
controlplane-nli-v1-train-b002-000036,Ticket T-411 for Seabrook Events session SE-22 contains two refundable ledger lines: $72.00 for admission and $5.40 for venue tax. Their combined refundable amount is $77.40. The $3.00 donation line is non-refundable. The support system approves only the $77.40 total.,The two documented refundable components for T-411 sum to $77.40.,1,entailment,controlplane-nli-v1-train-b002-f009,customer_support,easy,refunds
controlplane-nli-v1-train-b002-000028,"PAC-62's annual roadside benefit covers exactly three callouts. The account lists two completed covered callouts in the current membership year. Because no third covered callout has been used, the benefits panel displays one remaining use.",At least one covered roadside callout remains available to PAC-62.,1,entailment,controlplane-nli-v1-train-b002-f007,customer_support,easy,benefit inquiries
controlplane-nli-v1-train-b001-000064,"The ER-501 ledger lists a €180 rail ticket, a €42 meal receipt, and a taxi item still under review. Rail is reimbursed in full, meals are limited to €35 per day, and the current approved total is €215. The taxi amount is excluded until review finishes.",The current approved total for ER-501 is €222.,0,contradiction,controlplane-nli-v1-train-b001-f016,internal_assistant,hard,expense reimbursement
controlplane-nli-v1-train-b001-000016,"The SUB-440 cancellation file shows that Northvale Media accepted the request on 2026-08-09. Renewal was turned off, but access remains available until the paid-through date of 2026-08-31. Because the subscription is monthly, no early-termination charge is listed.",SUB-440 remains usable after cancellation was requested.,1,entailment,controlplane-nli-v1-train-b001-f004,customer_support,easy,subscription cancellation
controlplane-nli-v1-train-b001-000025,HarborLeaf Travel's customer benefit guide for plan T-Plus states that checked-bag reimbursement may be claimed up to $75 per covered trip. The benefit applies only when the bag fee was charged by the operating carrier and a receipt is provided. Seat-selection charges are listed under a different benefit category. The guide does not promise automatic reimbursement.,Plan T-Plus allows checked-bag reimbursement of at most $75 per covered trip.,1,entailment,controlplane-nli-v1-train-b001-f007,customer_support,medium,benefit inquiries
controlplane-nli-v1-train-b003-000065,"The support contract for client Halden Corp guarantees a response time of under 4 hours for priority-1 tickets. Ticket PR-8820, classified priority-1, was submitted at 13:00 and received its first agent response at 15:40. The ticket was fully resolved at 19:15 the same day.",The first response to ticket PR-8820 met the 4-hour service level guarantee.,1,entailment,controlplane-nli-v1-train-b003-f017,customer_support,easy,sla_response
controlplane-nli-v1-train-b004-000059,"The internal promotion rubric requires candidates for the Senior Analyst role to score at least 85 out of 100 on the technical assessment. Furthermore, candidates must have either three years of internal tenure or a bilingual certification. Candidate Tom scored 90 on the assessment, has two years of internal tenure, and holds a bilingual certification in Spanish.",Tom achieved the highest technical assessment score among all promotion candidates.,2,neutral,controlplane-nli-v1-train-b004-f015,internal_assistant,medium,Human Resources
controlplane-nli-v1-train-b001-000061,"Juniper Arc's expense file ER-501 contains a rail ticket for €180 and a meal receipt for €42. Policy allows full rail reimbursement for this trip, but meals are capped at €35 per day. The approved reimbursement is therefore €215. A taxi receipt from a different date is still under review and is excluded from this approval.",ER-501 includes an approved reimbursement total of €215.,1,entailment,controlplane-nli-v1-train-b001-f016,internal_assistant,hard,expense reimbursement
controlplane-nli-v1-train-b004-000036,Digital movie rentals can be refunded if the viewer has watched less than 15% of the total runtime and the request is made within 48 hours of purchase. User Elena rented a 120-minute movie yesterday and watched 20 minutes of it before requesting a refund today.,Elena made her refund request within the 48-hour timeframe.,1,entailment,controlplane-nli-v1-train-b004-f009,customer_support,medium,Digital Media
controlplane-nli-v1-train-b006-000049,"Warehouse 4 has a total storage capacity of 10,000 pallets. Currently, 6,200 pallets are occupied by electronics, and 1,800 pallets are occupied by apparel. An incoming shipment of 1,500 pallets of toys is scheduled for tomorrow.","After the toy shipment arrives, Warehouse 4 will have 500 empty pallet spaces remaining.",1,entailment,controlplane-nli-v1-train-b006-f013,internal_assistant,medium,logistics
controlplane-nli-v1-train-b006-000089,"Aircraft tail N445 has accumulated 3,200 flight hours. A mandatory engine inspection is required every 1,500 flight hours. The last inspection was completed when the aircraft had logged exactly 1,450 flight hours.","The next engine inspection for N445 is required before it reaches 2,950 flight hours.",1,entailment,controlplane-nli-v1-train-b006-f023,regulated_decision_support,medium,aviation
controlplane-nli-v1-train-b005-000011,"ArborSound's compatibility record distinguishes EchoMini X5 from EchoMini X5 Pro and limits dock D20 to the Pro model. The customer in ES-61 owns the standard X5. The support excerpt does not identify the color, storage capacity, or purchase channel of that player's configuration.",The EchoMini X5 in ES-61 has 64 GB of storage.,2,neutral,controlplane-nli-v1-train-b005-f003,customer_support,easy,product compatibility
controlplane-nli-v1-train-b001-000069,Redwood Axis maintains a synthetic remote-access policy with two account classes. Privileged administrator accounts must use hardware-backed authentication for remote sessions. Standard analyst accounts may use either hardware-backed authentication or an approved app token. The policy excerpt says nothing about the authentication method for temporary vendor accounts.,Privileged administrator accounts must use hardware-backed authentication for remote sessions.,1,entailment,controlplane-nli-v1-train-b001-f018,internal_assistant,hard,internal policies
controlplane-nli-v1-train-b005-000046,"Lantern became Prism through a project-name change, while keeping the same charter number. Eira Moss is still the sponsor. Delivery responsibility, however, moved from Tomas Reed to Nikhil Sen on July 1. Older Lantern documents remain part of the Prism record.",Lantern and Prism are separate projects with different charter identities.,0,contradiction,controlplane-nli-v1-train-b005-f012,internal_assistant,medium,project governance
controlplane-nli-v1-train-b001-000088,E-17's synthetic benefits ledger shows $450 remaining after two education reimbursements. A separate $500 request has been submitted but remains undecided. The record contains no exception decision that would allow payment beyond the remaining balance.,Stonebridge will approve an exception allowing the full $500 request.,2,neutral,controlplane-nli-v1-train-b001-f022,regulated_decision_support,medium,employee benefits
controlplane-nli-v1-train-b002-000031,"TerraNote's SecureArchive eligibility rule requires Pro storage, region R2 or R3, and desktop client 8.4 or later. TN-318 is on Pro and in R3. The account page shown to support does not include the desktop client version, and no eligibility-engine decision is present in this excerpt. A mobile-app version of 7.9 is listed separately.",Workspace TN-318 is eligible for SecureArchive.,2,neutral,controlplane-nli-v1-train-b002-f008,customer_support,hard,service eligibility
controlplane-nli-v1-train-b002-000042,"IDF-API used certificate C17 through a validity window ending June 30. Ironwood Data Fabric introduced C18 with validity beginning June 15, and the two certificates intentionally overlapped. C18 became preferred on June 20, but C17 was still accepted until June 30.",C17 became invalid as soon as C18 became preferred on June 20.,0,contradiction,controlplane-nli-v1-train-b002-f011,internal_assistant,hard,IT operations
controlplane-nli-v1-train-b002-000065,"Granite Hollow Foods tracks sanitation procedure SP-8 in two repositories. The controlled document register, designated by policy as the authoritative source, lists revision 6 as effective July 1. A local team folder still contains revision 5 marked 'current' from an older upload. The governance note states that when repository statuses differ, the controlled document register governs.",Revision 6 is the authoritative effective version of procedure SP-8.,1,entailment,controlplane-nli-v1-train-b002-f017,internal_assistant,medium,compliance documentation
controlplane-nli-v1-train-b005-000048,The project now called Prism was formerly Lantern. Delivery ownership changed on July 1: Tomas Reed ceased to be owner and Nikhil Sen assumed that responsibility. Sponsorship stayed with Eira Moss. The rename did not preserve Tomas's delivery role.,Tomas Reed is still the current delivery owner of Project Prism.,0,contradiction,controlplane-nli-v1-train-b005-f012,internal_assistant,medium,project governance
controlplane-nli-v1-train-b001-000013,"Northvale Media received a cancellation request for subscription SUB-440 on 2026-08-09. The account note says service will remain active through 2026-08-31, the end of the paid period. Automatic renewal has been disabled. No early-termination fee applies to this monthly plan.",Automatic renewal is disabled for subscription SUB-440.,1,entailment,controlplane-nli-v1-train-b001-f004,customer_support,easy,subscription cancellation
controlplane-nli-v1-train-b001-000074,"In the synthetic Cobalt Shore file, LN-205 requests a monthly payment of $1,450. The exercise rule triggers a secondary affordability review only when the payment exceeds $1,600. The application is marked as not requiring that review, and the record has no final lending outcome.","LN-205 requires a secondary affordability review because its payment exceeds $1,600.",0,contradiction,controlplane-nli-v1-train-b001-f019,regulated_decision_support,easy,lending
controlplane-nli-v1-train-b004-000088,"Approval for a conventional mortgage product requires the applicant to provide a minimum 20% down payment and maintain a debt-to-income (DTI) ratio below 36%. If either condition is not met, the applicant must apply for an FHA loan instead. Applicant Kevin is offering a 25% down payment but has a calculated DTI ratio of 42%.",Kevin's high DTI ratio is primarily due to existing student loan debt.,2,neutral,controlplane-nli-v1-train-b004-f022,regulated_decision_support,medium,Mortgage Underwriting
